EDAD,MINUTES_DH,GENERO_FEMENINO,GENERO_MASCULINO,ESTUDIO_PREV_BUSINESS,ESTUDIO_PREV_COMMERCIAL,ESTUDIO_PREV_DEVELOPMENT,ESTUDIO_PREV_ENGINEERING,ESTUDIO_PREV_MARKETING,NV_ESTUDIO_POST_GRADUATE,NV_ESTUDIO_TERTIARY,NV_ESTUDIO_UNIVERSITARY,target
1.954455394864303,0.19289040118175343,0,1,0,0,0,1,0,1,0,0,90.85924277094222
1.732539781653415,0.3998225821660972,1,0,0,1,0,0,0,0,0,1,101.1005288746951
0.17913048917719854,0.4819218197895905,1,0,0,0,1,0,0,0,0,1,98.20990665520863
0.17913048917719854,0.6566458383216403,0,1,0,0,1,0,0,0,1,0,91.26917187359021
0.4010461023880866,0.538970264394634,0,1,0,1,0,0,0,1,0,0,88.00174348056971
-1.8181100297207942,3.829170340418656e-15,0,1,0,0,0,1,0,0,0,1,83.07070003293109
-3.1496037089861226,3.829170340418656e-15,0,1,0,0,0,1,0,1,0,0,79.46522045901939
0.6229617155989746,-0.24686679726818805,1,0,0,0,0,0,1,1,0,0,102.40744601039245
0.6229617155989746,-0.2066592219192457,1,0,0,0,1,0,0,0,0,1,99.51897492241211
1.5768052691874464e-15,0.5168666234960012,0,1,0,0,0,1,0,0,0,1,86.92712303114372
-0.2647007372445776,3.829170340418656e-15,1,0,0,0,0,1,0,0,0,1,95.99545319895837
0.17913048917719854,0.6132805999871809,1,0,0,0,0,1,0,0,1,0,99.28569441688742
-0.04278512403368954,3.829170340418656e-15,1,0,0,0,0,1,0,0,1,0,99.06325430279146
0.17913048917719854,0.41771600575070467,0,1,0,0,0,1,0,0,1,0,89.94342403390432
0.17913048917719854,-0.8845042094773194,0,1,0,0,0,1,0,0,1,0,90.53103737648824
0.8448773288098628,-0.8388233516201444,0,1,0,0,0,1,0,0,0,1,89.43932971257058
-0.04278512403368954,0.8355800741677154,1,0,0,0,1,0,0,1,0,0,96.94072553389653
1.5768052691874464e-15,3.829170340418656e-15,0,1,0,0,0,0,1,0,0,1,92.0746639018416
-0.7085319636663537,0.22615111796255366,1,0,0,0,1,0,0,0,1,0,98.89723856536527
0.17913048917719854,0.08384577274849978,1,0,0,0,0,1,0,1,0,0,96.34555199605332
1.2887085552316389,0.3730877022220369,1,0,1,0,0,0,0,1,0,0,102.57053039074817
1.5768052691874464e-15,-0.8739786661922563,0,1,0,0,0,1,0,0,0,1,87.55472751779939
1.510624168442527,0.35014201786059984,0,1,0,1,0,0,0,0,0,1,91.1932532257768
-0.4866163504554657,0.5400228187231403,0,1,0,0,0,1,0,1,0,0,85.21166012994168
0.6229617155989746,0.09900255507899047,1,0,0,0,0,0,1,0,0,1,102.86179595387222
1.5768052691874464e-15,3.829170340418656e-15,1,0,0,0,0,1,0,0,0,1,96.5908705992584
1.732539781653415,0.18425945568800273,0,1,0,1,0,0,0,0,1,0,94.33590711233802
1.5768052691874464e-15,-1.8852728650211328,0,1,0,0,0,1,0,0,0,1,88.01106351808603
-0.4866163504554657,3.829170340418656e-15,0,1,0,0,0,1,0,0,0,1,86.06575971155804
-2.26194125614257,0.08552985967410837,1,0,0,1,0,0,0,1,0,0,91.6467512691806
1.5768052691874464e-15,0.9433616374067626,0,1,0,0,0,1,0,0,0,1,86.734671587226
-0.9304475768772418,0.48255335238669467,1,0,0,0,0,1,0,0,0,1,94.28017617291322
0.4010461023880866,-1.3303662230325979,1,0,0,0,0,1,0,0,0,1,98.09329697445203
1.5768052691874464e-15,3.829170340418656e-15,1,0,0,0,0,1,0,0,0,1,96.5908705992584
0.8448773288098628,-0.009200029891460815,0,1,0,0,0,0,1,0,0,1,93.97928098496801
1.2887085552316389,-0.4742185322255541,0,1,0,0,0,1,0,0,0,1,90.27315880212336
1.5768052691874464e-15,3.829170340418656e-15,1,0,0,0,0,1,0,0,0,1,96.5908705992584
1.510624168442527,0.17710208625415857,1,0,0,0,0,1,0,0,0,1,99.9089506273907
1.5768052691874464e-15,0.3059347360633342,0,1,0,1,0,0,0,0,0,1,87.81520579785622
1.5768052691874464e-15,0.2838310951647014,0,1,0,1,0,0,0,0,0,1,87.82517983616391
1.732539781653415,-2.6696363506240455,0,1,0,0,1,0,0,1,0,0,93.08531405835274
1.066792942020751,3.829170340418656e-15,0,1,0,1,0,0,0,0,0,1,90.35289794729444
1.5768052691874464e-15,0.7071684460899439,1,0,0,0,1,0,0,0,0,1,97.70533062940234
-0.9304475768772418,1.2427080884339627,0,1,0,0,1,0,0,0,0,1,85.94020981592406
1.5768052691874464e-15,0.5267606341839602,1,0,0,1,0,0,0,0,0,1,97.14607727991627
1.5768052691874464e-15,2.712705463625894,0,1,0,0,0,1,0,0,0,1,85.93627356840643
1.5768052691874464e-15,-0.7643025051618975,0,1,0,0,1,0,0,0,1,0,91.50742422460357
1.2887085552316389,-0.15508405982243584,0,1,0,0,0,1,0,1,0,0,89.51873279184393
-0.04278512403368954,3.829170340418656e-15,1,0,0,1,0,0,0,0,0,1,97.28753175606778
0.8448773288098628,3.829170340418656e-15,0,1,0,0,0,1,0,0,0,1,89.06081939018502
-0.9304475768772418,0.36361471326548,0,1,0,0,0,1,0,0,0,1,84.90332912379681
-1.15236319008813,0.33666932245571773,0,1,0,0,0,1,0,0,1,0,86.98493582907219
0.8448773288098628,0.6850648051913111,0,1,0,0,0,1,0,0,0,1,88.75169101438678
0.4010461023880866,0.23183491133648745,0,1,0,0,0,1,0,0,1,0,90.52647755963436
-0.9304475768772418,0.4101376145854603,0,1,0,0,1,0,0,1,0,0,85.70547869689531
-0.04278512403368954,-0.1658201139732011,0,1,0,0,0,1,0,0,0,1,87.13893754139399
-1.596194416509906,0.4939209391345622,0,1,0,0,0,1,0,0,0,1,83.34699995388851
0.6229617155989746,0.46908065698181445,0,1,0,0,0,1,0,0,0,1,88.34997500417448
-0.4866163504554657,-1.444042090511281,0,1,0,1,0,0,0,0,0,1,87.51027064589694
1.954455394864303,-1.339839211989155,1,0,0,0,0,0,1,0,0,1,106.50611803090868
1.5768052691874464e-15,3.829170340418656e-15,0,1,0,1,0,0,0,0,0,1,87.95325566896749
-0.2647007372445776,-1.2825802565184112,1,0,0,0,0,1,0,1,0,0,95.96378431894104
1.5768052691874464e-15,-3.2272796338666963,1,0,0,0,0,1,0,0,0,1,98.0471470039196
-1.3742788032990179,0.149314651981592,1,0,0,0,0,1,0,1,0,0,92.8217735527629
0.8448773288098628,-0.5657907588056044,1,0,1,0,0,0,0,0,0,1,102.60625621079777
-2.040025642931682,3.829170340418656e-15,0,1,0,0,0,1,0,1,0,0,81.96110352454187
-1.15236319008813,0.2490968023239927,0,1,0,0,0,0,1,0,0,1,89.37013770508923
-1.596194416509906,0.12342181550033604,0,1,0,0,1,0,0,0,0,1,84.94774627834332
-0.7085319636663537,-0.47000831491152884,0,1,0,1,0,0,0,0,1,0,89.14019590209593
1.066792942020751,1.0475645159288887,0,1,0,0,0,1,0,1,0,0,88.47687350396059
-1.15236319008813,0.2356241069191106,0,1,0,0,0,0,1,0,0,1,89.37621711891487
-0.9304475768772418,-0.24770884073099236,0,1,0,0,0,0,1,0,0,1,90.09349270301398
-2.040025642931682,0.3857183541641128,0,1,1,0,0,0,0,0,0,1,86.25708476470813
-1.596194416509906,3.829170340418656e-15,0,1,0,1,0,0,0,1,0,0,83.75235869475577
-0.2647007372445776,-0.39822410970739675,0,1,0,0,0,1,0,0,1,0,89.31325530751027
2.620202234496967,-5.142928511748206,0,1,0,0,0,1,0,1,0,0,94.76450545772978
0.6229617155989746,0.4345568750068059,0,1,0,1,0,0,0,0,0,1,89.15845544610758
0.6229617155989746,0.3528786591147147,1,0,0,0,0,1,0,1,0,0,97.22250692743168
0.8448773288098628,0.22173038978282825,1,0,0,0,0,1,0,0,0,1,98.39128272977979
-0.2647007372445776,3.829170340418656e-15,0,1,0,0,1,0,0,0,0,1,87.99849876891241
1.5768052691874464e-15,0.577914774549368,1,0,0,1,0,0,0,0,0,1,97.12299450554707
0.17913048917719854,3.829170340418656e-15,1,0,0,0,0,1,0,1,0,0,96.38338652988264
0.4010461023880866,-0.09193080011205637,0,1,0,0,0,1,0,0,0,1,88.10394898240301
0.17913048917719854,0.3210915183938249,0,1,0,0,1,0,0,0,0,1,88.8519627834563
-0.04278512403368954,-0.13424348411801137,0,1,0,0,1,0,0,0,0,1,88.55825135949003
-2.040025642931682,-0.10666656071114491,0,1,0,0,0,1,0,0,0,1,82.61965559712536
1.954455394864303,-1.0695432604287314,0,1,0,1,0,0,0,0,0,1,92.83222468386195
-0.04278512403368954,3.829170340418656e-15,1,0,0,0,0,1,0,0,1,0,99.06325430279146
-1.596194416509906,-2.07136447030105,0,1,0,1,0,0,0,0,0,1,85.29746028663054
-0.9304475768772418,0.11521189173798747,0,1,0,0,0,1,0,0,0,1,85.01541831620693
0.8448773288098628,0.49202634134325157,1,0,0,0,0,1,0,1,0,0,97.65889459461829
-0.04278512403368954,0.2025739010040124,1,0,0,0,1,0,0,0,1,0,100.4054073788736
-2.4838568693534584,1.2001848935623058,0,1,1,0,0,0,0,0,0,1,84.89121197457136
-1.3742788032990179,-0.012778714608381933,0,1,0,0,1,0,0,0,1,0,88.07700645631994
1.510624168442527,3.829170340418656e-15,1,0,0,0,0,1,0,0,0,1,99.98886610379432
0.17913048917719854,-0.7493562336971069,0,1,0,0,0,1,0,1,0,0,87.29100887053653
-0.2647007372445776,0.04405921913095957,0,1,0,0,0,1,0,0,1,0,89.11367955051564
-0.7085319636663537,0.12489539156024643,0,1,0,0,0,1,0,0,0,1,85.51022535062425
0.8448773288098628,-1.2280579423017834,0,1,0,0,0,0,1,0,0,1,94.52927795450583
-0.04278512403368954,-0.0012006169948123673,0,1,0,0,0,1,0,0,0,1,87.06465470371202
0.6229617155989746,0.474132917758644,0,1,0,0,0,1,0,0,0,1,88.34769522398986
1.5768052691874464e-15,-0.06793256142211294,1,0,0,0,1,0,0,1,0,0,97.44466701077361
-0.2647007372445776,0.3027770730778152,0,1,0,0,0,1,0,0,0,1,86.42831131616667
1.5768052691874464e-15,0.48992123268623894,0,1,0,0,1,0,0,0,1,0,90.94146879377347
-0.2647007372445776,3.829170340418656e-15,0,1,0,0,0,1,0,1,0,0,85.95451642937782
0.6229617155989746,0.6000184154480008,0,1,0,0,1,0,0,0,0,1,89.72445314530647
-0.4866163504554657,-0.11066626715947009,1,0,0,0,0,1,0,0,0,1,95.54621358913214
0.17913048917719854,3.829170340418656e-15,1,0,0,0,0,1,0,0,0,1,96.99380642516736
-0.9304475768772418,0.4391881140522333,0,1,0,0,1,0,0,0,0,1,86.30278985611851
-0.2647007372445776,0.028270904203364713,0,1,0,1,0,0,0,0,0,1,87.34508131686889
-0.9304475768772418,-1.3223668101359505,1,0,0,0,0,1,0,1,0,0,94.48420774858137
0.6229617155989746,0.015429741395588704,1,0,0,0,0,1,0,1,0,0,97.3747772455956
1.066792942020751,-3.178862134755405,0,1,0,0,1,0,0,0,1,0,94.99661144949333
-0.2647007372445776,0.3541417243089231,1,0,0,0,0,1,0,0,1,0,98.40427491598086
-0.7085319636663537,-0.11003473456236591,0,1,0,0,0,1,0,1,0,0,85.00581523392403
0.6229617155989746,3.829170340418656e-15,1,0,0,0,0,1,0,0,0,1,97.99215965137634
-1.596194416509906,-0.47063984750863297,1,0,0,0,1,0,0,1,0,0,94.03590741072847
-1.15236319008813,0.4194000926763152,0,1,0,1,0,0,0,0,0,1,85.17188188182547
1.2887085552316389,-2.0402088621772636,0,1,1,0,0,0,0,1,0,0,94.22898851796901
-2.26194125614257,1.4237474329370505,0,1,0,0,1,0,0,0,0,1,82.86345801401514
1.066792942020751,-0.3637003277323901,1,0,0,0,0,1,0,0,0,1,99.15462887177628
-1.3742788032990179,0.46044971148806185,0,1,0,0,0,1,0,0,0,1,83.86128011071608
1.5768052691874464e-15,-0.22728928675797005,0,1,0,0,0,1,0,0,0,1,87.26291565416896
0.6229617155989746,-0.5518970416693201,0,1,0,0,0,1,0,0,0,1,88.8106805831483
-0.4866163504554657,1.1675557093786098,0,1,0,0,0,1,0,0,0,1,85.5389123281293
-0.2647007372445776,3.829170340418656e-15,1,0,0,0,1,0,0,0,0,1,97.42901564320823
-0.04278512403368954,0.2364661503819168,1,0,0,0,0,1,0,0,0,1,96.38792691849002
-0.04278512403368954,0.4036117777487203,0,1,0,0,0,1,0,0,0,1,86.88198731641994
0.8448773288098628,-2.5475400485173116,1,0,0,0,0,1,0,1,0,0,99.03046734818591
-2.26194125614257,3.829170340418656e-15,0,1,0,0,0,1,0,0,0,1,82.0723468067221
1.2887085552316389,0.6383313930056307,0,1,0,0,0,1,0,1,0,0,89.16071231201872
-0.2647007372445776,-0.1352960384465177,0,1,0,0,0,1,0,0,0,1,86.62598725634079
1.5768052691874464e-15,3.829170340418656e-15,0,1,0,0,0,1,0,0,1,0,89.72897821569117
-0.9304475768772418,3.829170340418656e-15,1,0,0,1,0,0,0,0,0,1,95.29082530364981
-1.596194416509906,0.3008824752865027,0,1,0,0,1,0,0,0,0,1,84.8676689993588
0.17913048917719854,0.8155815419260952,0,1,0,0,1,0,0,0,0,1,88.62882929788734
-0.04278512403368954,-0.0022531713233186917,0,1,0,0,0,1,0,0,0,1,87.06512965791715
1.5768052691874464e-15,0.4490821247401943,0,1,0,1,0,0,0,1,0,0,87.14019213067415
-0.7085319636663537,3.829170340418656e-15,1,0,0,0,0,1,0,0,0,1,94.99709997274938
2.8421178477078555,0.30614524692903433,0,1,0,0,0,1,0,0,0,1,93.41526404617318
1.5768052691874464e-15,-0.827666275737978,0,1,0,0,0,1,0,1,0,0,86.92340963748906
1.066792942020751,0.23520308518770844,0,1,0,0,0,1,0,0,1,0,92.02248754549143
0.6229617155989746,3.829170340418656e-15,0,1,0,1,0,0,0,0,0,1,89.35454472108545
-0.2647007372445776,-0.5344246398161167,0,1,0,0,0,0,1,0,0,1,91.72040006780423
-1.596194416509906,-1.8579064524799684,1,0,0,0,0,1,0,0,1,0,96.40737899485016
1.5768052691874464e-15,0.37666638693895804,0,1,0,0,0,1,0,1,0,0,86.379967035982
-0.2647007372445776,0.15899815180385096,0,1,0,0,0,1,0,0,0,1,86.4931900605871
0.8448773288098628,-5.9030832477954736,1,0,0,0,0,1,0,0,0,1,101.15504124941756
-0.4866163504554657,1.1909224154714508,1,0,0,0,0,1,0,0,1,0,97.5275097097999
-0.9304475768772418,0.2509914001153033,0,1,0,0,1,0,0,0,0,1,86.38771166799533
1.5768052691874464e-15,-0.04856556177759696,0,1,0,0,1,0,0,0,0,1,88.61583087438817
0.4010461023880866,0.21015229216925868,1,0,0,1,0,0,0,0,0,1,98.19105594383213
1.510624168442527,0.2364661503819168,0,1,0,0,0,1,0,0,0,1,90.45164633592566
-0.2647007372445776,0.4516082551286091,0,1,0,0,0,1,0,0,0,1,86.36115279156162
1.066792942020751,3.829170340418656e-15,1,0,1,0,0,0,0,0,1,0,105.41875011305541
-0.7085319636663537,3.829170340418656e-15,0,1,0,0,0,1,0,0,1,0,88.13520758918216
1.5768052691874464e-15,0.48171130892389036,0,1,0,0,1,0,0,0,0,1,88.37654894584486
-0.04278512403368954,0.6122280456586746,0,1,0,1,0,0,0,0,0,1,87.58075333696856
0.4010461023880866,0.1815228144338859,1,0,0,1,0,0,0,0,0,1,98.20397469821161
1.5768052691874464e-15,0.38887601714963177,0,1,0,1,0,0,0,0,0,1,87.77777940649217
-0.7085319636663537,1.4761646384966647,0,1,0,0,1,0,0,0,1,0,88.90266607705985
-0.4866163504554657,0.44866110300879025,0,1,0,0,1,0,0,0,0,1,87.29686849448134
-0.2647007372445776,1.0155668643422968,0,1,0,1,0,0,0,1,0,0,86.28915437717443
-0.2647007372445776,0.10300226152731373,0,1,0,0,0,1,0,0,0,1,86.5184576242999
1.066792942020751,-0.44916773920710434,1,0,0,0,0,1,0,0,0,1,99.19319515323265
1.5768052691874464e-15,-1.1396433787072522,0,1,0,0,1,0,0,1,0,0,88.49774850813876
-1.3742788032990179,-0.6154713231111036,0,1,0,0,0,1,0,0,1,0,86.91540278992616
-0.04278512403368954,0.21415199861758197,0,1,0,0,1,0,0,1,0,0,87.79062162230805
-0.04278512403368954,-0.4940065536014722,1,0,0,1,0,0,0,1,0,0,96.90002718556882
-0.4866163504554657,-1.4587778511103695,0,1,0,1,0,0,0,0,1,0,90.08554449549732
-1.3742788032990179,0.31414465982568274,0,1,0,0,0,1,0,0,0,1,83.92729874522881
-0.2647007372445776,3.829170340418656e-15,0,1,0,0,1,0,0,1,0,0,87.38807887362769
0.6229617155989746,3.829170340418656e-15,0,1,0,0,0,1,0,0,0,1,88.56164277708052
-0.7085319636663537,0.29561970364397105,0,1,0,0,0,1,0,0,0,1,85.43318777855255
-0.04278512403368954,-0.18392404842351065,0,1,0,0,1,0,0,1,0,0,87.97024930268734
-1.15236319008813,-0.7805118418208945,0,1,0,0,1,0,0,0,0,1,86.35399017591592
1.2887085552316389,-0.8653477206985046,1,0,0,0,0,1,0,0,0,1,99.88016865904461
0.17913048917719854,0.42992563596137845,0,1,0,0,1,0,0,0,0,1,88.8028525186461
0.17913048917719854,0.23751870471042313,1,0,0,0,0,1,0,0,0,1,96.8866285773894
-0.7085319636663537,0.655593283993134,0,1,0,0,1,0,0,0,0,1,86.70431588464876
1.732539781653415,-0.31907202420372227,0,1,0,0,0,1,0,0,0,1,91.20150377849653
-0.2647007372445776,0.9012594642665097,1,0,0,1,0,0,0,0,0,1,96.38167117343184
-1.596194416509906,-0.8131410260045905,1,0,0,0,1,0,0,0,1,0,97.36950189509032
-1.3742788032990179,0.21141535736346515,0,1,0,0,0,1,0,0,0,1,83.97365427564927
0.4010461023880866,0.334353702933005,0,1,0,0,0,1,0,0,0,1,87.91159252932631
-0.7085319636663537,0.464238907070685,1,0,0,0,0,0,1,0,0,1,99.70192716606596
-2.040025642931682,0.6684344468009119,1,0,0,0,0,1,0,0,0,1,91.7004161947652
0.4010461023880866,3.829170340418656e-15,1,0,0,0,0,1,0,1,0,0,96.88256314298714
-0.2647007372445776,0.5183401995559097,0,1,0,0,1,0,0,0,0,1,87.76460313920639
2.8421178477078555,-0.8661897641613089,0,1,0,0,0,1,0,0,0,1,93.94426803984435
0.4010461023880866,-1.7846486712159277,0,1,0,0,0,1,0,0,1,0,91.4363948258179
0.17913048917719854,-0.2022384937395203,0,1,0,0,1,0,0,0,0,1,89.08811001424577
-1.15236319008813,0.43329380981259946,0,1,0,0,1,0,0,0,0,1,85.80627298656273
-0.9304475768772418,0.8517894108267124,0,1,1,0,0,0,0,0,0,1,88.54265810820007
0.4010461023880866,3.829170340418656e-15,0,1,1,0,0,0,0,0,0,1,91.9220789087175
0.17913048917719854,3.829170340418656e-15,0,1,0,0,0,1,0,1,0,0,86.95286965558681
-0.7085319636663537,3.829170340418656e-15,0,1,0,0,0,1,0,0,0,1,85.56658309845355
1.5768052691874464e-15,-0.19550214603708022,0,1,0,0,0,1,0,1,0,0,86.63815214188939
-1.8181100297207942,0.12531641329164858,0,1,0,0,0,1,0,0,0,1,83.01415230341972
1.5768052691874464e-15,-0.6672569960736136,1,0,0,0,0,1,0,0,0,1,96.89196338620815
-0.04278512403368954,0.17752310798556264,0,1,0,0,0,1,0,0,0,1,86.98400747968135
-0.04278512403368954,0.44003015751503954,0,1,0,1,0,0,0,0,1,0,90.22708033565604
-0.04278512403368954,0.27709474746225937,0,1,0,1,0,0,0,0,0,1,87.7319787558812
1.5768052691874464e-15,3.829170340418656e-15,0,1,0,1,0,0,0,0,0,1,87.95325566896749
-0.2647007372445776,3.829170340418656e-15,0,1,0,0,1,0,0,0,0,1,87.99849876891241
1.954455394864303,0.29709327970387955,0,1,0,0,0,1,0,0,0,1,91.4226421999193
1.5768052691874464e-15,0.21078382476636096,1,0,0,1,0,0,0,0,0,1,97.28865853229559
1.5768052691874464e-15,0.009535437155952906,0,1,0,1,0,0,0,0,0,1,87.94895290202017
0.4010461023880866,1.1216643406557354,0,1,0,0,0,1,0,0,1,0,90.12495127461945
0.17913048917719854,3.9844016033272354,0,1,0,0,0,1,0,0,0,1,85.76536972368018
0.8448773288098628,0.5631790139502795,0,1,1,0,0,0,0,0,0,1,92.66630345608203
1.5768052691874464e-15,3.829170340418656e-15,0,1,0,0,1,0,0,0,0,1,88.59391616921243
1.954455394864303,3.829170340418656e-15,0,1,0,0,1,0,0,1,0,0,92.37984500467263
1.5768052691874464e-15,3.829170340418656e-15,1,0,0,0,0,1,0,0,0,1,96.5908705992584
0.17913048917719854,-0.4910594014816553,0,1,0,0,0,0,1,0,1,0,95.26780967149057
0.8448773288098628,0.39455981052356554,1,0,0,0,0,1,0,0,0,1,98.31329524929784
-1.15236319008813,3.829170340418656e-15,1,0,0,0,0,1,0,0,0,1,93.99874674654039
-0.04278512403368954,0.525708079855454,0,1,0,0,0,1,0,0,0,1,86.82689262862513
-0.4866163504554657,0.24951782405539483,0,1,0,0,0,1,0,1,0,0,85.34274749055692
2.1763710080751912,-0.19887031988829929,0,1,0,0,0,1,0,0,0,1,92.14561723447994
0.17913048917719854,0.4764485372813587,0,1,0,0,0,1,0,0,0,1,87.3482970985296
-0.9304475768772418,0.33456421379870505,0,1,0,1,0,0,0,0,0,1,85.70933980386326
-2.040025642931682,0.2720424866854298,1,0,0,0,0,1,0,1,0,0,91.26886405313155
1.5768052691874464e-15,0.8757876495166578,0,1,0,0,0,1,0,0,0,1,86.7651636471952
-0.4866163504554657,3.829170340418656e-15,0,1,0,0,0,1,0,0,0,1,86.06575971155804
1.066792942020751,0.23183491133648745,0,1,0,0,1,0,0,0,0,1,90.88894535246911
-4.037266161829675,-0.37717302313727025,1,0,0,0,1,0,0,0,1,0,91.68183311917701
-0.9304475768772418,1.4378516609390348,0,1,0,1,0,0,0,0,1,0,87.78011729677705
1.5768052691874464e-15,0.21352046602047778,0,1,0,0,0,1,0,0,1,0,89.63262932379011
1.5768052691874464e-15,0.4859215262379156,0,1,1,0,0,0,0,0,0,1,90.80069942951594
-0.4866163504554657,0.3823501803128918,0,1,0,0,1,0,0,0,0,1,87.32679060940438
1.2887085552316389,-3.5259945522967904,0,1,0,0,0,1,0,0,0,1,91.65024102447045
1.5768052691874464e-15,0.4857110153722136,0,1,0,0,0,1,0,0,0,1,86.9411816756155
1.2887085552316389,0.15310384756421516,0,1,0,0,1,0,0,0,0,1,91.42364854011714
0.17913048917719854,0.07184665340352615,1,0,0,0,0,1,0,0,0,1,96.96138636927648
-0.4866163504554657,3.829170340418656e-15,0,1,0,0,1,0,0,0,1,0,90.06794664653651
1.066792942020751,3.829170340418656e-15,0,1,0,0,0,1,0,0,0,1,89.55999600328951
-0.4866163504554657,0.5172876452274033,0,1,0,0,0,1,0,0,1,0,88.40096352678576
1.5768052691874464e-15,-0.5066372055435481,0,1,0,0,0,1,0,0,1,0,89.95759299093845
0.8448773288098628,0.10700196797563892,0,1,0,0,0,0,1,0,0,1,93.92684604072191
1.5768052691874464e-15,1.0924033303232585,0,1,0,1,0,0,0,0,0,1,87.46032001578484
-1.15236319008813,-0.4365370872650285,1,0,0,0,0,1,0,0,0,1,94.19572957172618
-1.8181100297207942,0.2834100734332973,0,1,0,1,0,0,0,1,0,0,83.12529623052976
-0.04278512403368954,1.158714253019157,0,1,0,0,0,1,0,0,0,1,86.54125516966135
1.954455394864303,0.8873657471302273,0,1,0,0,1,0,0,0,0,1,92.58985032593358
1.5768052691874464e-15,-0.17297748340704333,0,1,0,0,0,1,0,0,1,0,89.80703250791298
-1.15236319008813,3.829170340418656e-15,1,0,0,0,0,1,0,0,0,1,93.99874674654039
1.066792942020751,-0.5163207053658071,1,0,0,0,0,1,0,1,0,0,98.61307733623508
-1.15236319008813,-1.0609123149349788,0,1,0,0,1,0,0,0,0,1,86.48051797616193
-1.8181100297207942,0.22488805276834722,0,1,0,0,1,0,0,0,0,1,84.40278407986452
0.17913048917719854,-4.872001027590678,0,1,0,0,0,1,0,0,0,1,89.76172939646521
-0.9304475768772418,0.6802230552801816,1,0,0,1,0,0,0,0,0,1,94.98388171719516
-0.4866163504554657,0.40550637554003094,0,1,0,1,0,0,0,0,0,1,86.67568111664664
-0.4866163504554657,0.6791705009516753,0,1,0,0,0,0,1,1,0,0,90.06318136090285
0.17913048917719854,0.022166089098028797,0,1,0,0,0,1,0,0,0,1,87.55328733346269
-1.3742788032990179,0.07500431638904513,0,1,0,1,0,0,0,0,1,0,87.39673477536735
-0.04278512403368954,-0.9192385023180282,0,1,0,0,0,1,0,0,0,1,87.47890976142436
-1.3742788032990179,-1.276054419681672,0,1,0,0,0,1,0,0,0,1,84.64485955833567
-1.596194416509906,0.5995973937165987,0,1,0,1,0,0,0,0,1,0,86.66084098642723
1.510624168442527,2.3914658825657646,1,0,0,0,0,1,0,0,0,1,98.90974197064315
-0.7085319636663537,0.42845205990146995,1,0,0,0,0,1,0,0,0,1,94.80376543216126
0.17913048917719854,-3.9943812284821045,0,1,0,0,0,1,0,0,0,1,89.36571258022978
-0.04278512403368954,0.19015375992763853,0,1,0,0,1,0,0,0,0,1,88.41187047346969
1.732539781653415,-5.141244424822596,0,1,0,0,0,1,0,0,0,1,93.37745897386833
-2.26194125614257,0.31646027934839743,0,1,0,0,0,1,0,1,0,0,81.31912749827484
-1.596194416509906,0.3013034970179048,0,1,1,0,0,0,0,0,1,0,89.86215380889695
-1.15236319008813,-0.44222088063896225,0,1,1,0,0,0,0,0,0,1,88.62739019487951
-0.9304475768772418,0.19562704243587026,0,1,0,1,0,0,0,1,0,0,85.16161386365538
-0.2647007372445776,3.829170340418656e-15,1,0,0,0,1,0,0,0,0,1,97.42901564320823
1.5768052691874464e-15,0.18341741222519653,0,1,0,1,0,0,0,0,0,1,87.87049046733308
0.17913048917719854,0.4311887011555868,0,1,0,0,1,0,0,0,0,1,88.80228257359995
-1.15236319008813,-0.19613367863418246,0,1,0,0,0,1,0,1,0,0,84.04631326169448
-0.4866163504554657,-0.45864072816366125,0,1,0,0,0,1,0,0,0,1,86.2727165750515
-1.8181100297207942,0.3975069626433844,0,1,0,0,0,1,0,0,0,1,82.89132914597371
-0.04278512403368954,3.829170340418656e-15,0,1,0,0,0,0,1,1,0,0,91.36800321936136
-1.15236319008813,3.829170340418656e-15,0,1,0,0,0,1,0,1,0,0,83.95780997695985
0.4010461023880866,3.829170340418656e-15,0,1,0,0,0,1,0,0,0,1,88.06246616397603
-1.15236319008813,0.36929850663941377,0,1,0,0,1,0,0,0,0,1,85.83515020223449
0.6229617155989746,0.4000330930317992,1,0,0,1,0,0,0,0,0,1,98.6045508183316
-0.7085319636663537,0.6080178283446492,1,0,0,1,0,0,0,1,0,0,94.90522029348669
-1.596194416509906,0.3930862344636571,0,1,0,0,0,0,1,0,0,1,88.30681074361878
-0.2647007372445776,3.829170340418656e-15,1,0,0,0,1,0,0,0,0,1,97.42901564320823
-0.04278512403368954,0.18068077097108162,0,1,0,1,0,0,0,1,0,0,87.16506466578618
1.5768052691874464e-15,2.4139905451957997,1,0,1,0,0,0,0,0,0,1,99.36119519085895
-0.4866163504554657,1.6892016345863443,1,0,0,0,0,1,0,0,0,1,94.73404189836387
-1.3742788032990179,0.587598274371625,0,1,0,0,1,0,0,0,0,1,85.23746808698652
0.17913048917719854,0.2935145949869584,0,1,0,1,0,0,0,0,0,1,88.2237460833857
1.066792942020751,3.829170340418656e-15,0,1,0,0,0,1,0,0,0,1,89.55999600328951
-0.04278512403368954,0.522760927735637,0,1,0,0,0,1,0,0,0,1,86.82822250039948
0.6229617155989746,-0.7807223526865955,0,1,0,0,1,0,0,0,1,0,92.91612256232152
1.732539781653415,-1.1834296387731156,0,1,0,0,0,1,0,0,0,1,91.59153617174735
-0.04278512403368954,0.25835928041484757,0,1,0,0,0,1,0,0,0,1,86.94753099672755
0.8448773288098628,0.48171130892389036,1,0,0,1,0,0,0,0,1,0,101.6354954758468
1.510624168442527,0.26488511725158753,0,1,0,0,1,0,0,0,1,0,94.44100950736569
0.6229617155989746,0.4210841796019257,0,1,0,0,0,1,0,0,0,1,88.3716329159283
-1.15236319008813,0.2263616288282557,1,0,0,0,0,0,1,0,0,1,98.81091359021582
-0.04278512403368954,0.7833733794738014,0,1,0,0,0,1,0,0,0,1,86.71062383920987
0.4010461023880866,3.829170340418656e-15,0,1,0,0,1,0,0,0,0,1,89.4960286082259
1.5768052691874464e-15,3.829170340418656e-15,1,0,0,0,0,1,0,0,0,1,96.5908705992584
-0.2647007372445776,-0.021199149236432527,1,0,0,0,0,1,0,0,1,0,98.57364358552938
1.5768052691874464e-15,-0.22202651511543844,0,1,0,0,0,1,0,0,0,1,87.26054088314334
0.4010461023880866,0.2918305080613479,0,1,0,0,0,1,0,1,0,0,87.32036078392876
1.5768052691874464e-15,0.29709327970387955,1,0,0,0,0,1,0,0,0,1,96.45681034347021
1.5768052691874464e-15,-0.5464237591610883,0,1,0,0,1,0,0,0,0,1,88.84048421341353
0.4010461023880866,-4.167210649222843,0,1,0,0,0,1,0,0,0,1,89.94287667381623
-0.7085319636663537,-0.009831562488563077,0,1,0,0,0,1,0,0,0,1,85.5710194888806
0.4010461023880866,-1.9661090374504178,0,1,0,0,0,1,0,0,0,1,88.9496524400533
0.17913048917719854,3.829170340418656e-15,1,0,0,0,0,1,0,0,0,1,96.99380642516736
-1.3742788032990179,0.5273921667810645,0,1,0,1,0,0,0,1,0,0,84.01355507199015
1.510624168442527,0.6450677407080707,0,1,0,0,0,0,1,0,0,1,95.18157929037415
-0.7085319636663537,-4.831582941376036,0,1,0,0,1,0,0,0,0,1,89.1803471468202
-0.04278512403368954,0.26804278023710654,0,1,0,1,0,0,0,0,0,1,87.7360633620453
-0.4866163504554657,-0.37127871889763636,0,1,0,1,0,0,0,0,0,1,87.02619732003083
0.6229617155989746,0.21752017246880295,0,1,0,0,1,0,0,0,1,0,92.46567599417845
0.4010461023880866,-1.0670171300403157,1,0,0,0,0,1,0,0,0,1,97.97446343232909
-0.4866163504554657,0.2743581062081445,0,1,0,1,0,0,0,0,0,1,86.73486041060553
1.066792942020751,-0.28812692694563674,0,1,0,1,0,0,0,0,0,1,90.48291222955721
-0.04278512403368954,0.08974007698813366,1,0,0,0,1,0,0,1,0,0,97.27727808364997
-0.4866163504554657,0.4259259295130552,0,1,0,0,0,1,0,0,0,1,85.87356506106224
-0.4866163504554657,-1.1611154870087816,0,1,0,0,0,1,0,1,0,0,85.97928111626898
-0.9304475768772418,0.16847114076040787,1,0,0,0,0,0,1,0,1,0,101.90483717533094
-0.7085319636663537,-0.21655323260720669,1,0,0,0,0,1,0,0,0,1,95.09481736906349
-0.04278512403368954,-0.6826242892698063,0,1,0,1,0,0,0,0,0,1,88.16504200011659
-1.15236319008813,-0.16455704877899274,1,0,0,0,0,1,0,1,0,0,93.46258150983647
1.5768052691874464e-15,0.45223978772571327,1,0,0,0,1,0,0,0,0,1,97.82036453788426
1.5768052691874464e-15,0.6440151863795645,1,0,1,0,0,0,0,0,0,1,100.1598781822016
-0.04278512403368954,3.829170340418656e-15,0,1,0,0,0,1,0,0,0,1,87.06411293776704
1.066792942020751,0.4745539394900462,0,1,0,0,1,0,0,0,0,1,90.77942091276667
-0.04278512403368954,-0.13487501671511554,1,0,0,0,1,0,0,0,1,0,100.55767769703753
0.17913048917719854,0.4953945151944726,0,1,0,0,0,1,0,1,0,0,86.72932802755258
0.17913048917719854,0.22657213969395582,0,1,0,1,0,0,0,0,0,1,88.25395317083182
-1.15236319008813,0.24593913933847372,0,1,0,0,0,1,0,0,1,0,87.02587688155418
-0.04278512403368954,-0.7750385593126609,0,1,0,1,0,0,0,0,1,0,90.7753674700554
-0.2647007372445776,0.48676356970071993,0,1,0,0,0,1,0,0,0,1,86.34528932111036
0.8448773288098628,0.031218056323183568,0,1,0,0,1,0,0,0,0,1,90.48029501086194
0.4010461023880866,0.49981524337419797,0,1,0,1,0,0,0,0,0,1,88.62983167228518
0.4010461023880866,-0.05656497467424541,0,1,0,0,1,0,0,1,0,0,88.91113307007588
1.5768052691874464e-15,0.6143331543156872,0,1,0,0,0,1,0,0,0,1,86.88314227174891
-2.040025642931682,0.21499404208038625,0,1,0,0,0,1,0,1,0,0,81.86408969675364
1.066792942020751,0.14384136947336026,1,0,0,0,1,0,0,1,0,0,99.74874850302888
0.6229617155989746,0.26656920417719615,0,1,0,0,0,1,0,0,0,1,88.44135619324103
0.4010461023880866,-0.15782070107655266,1,0,0,1,0,0,0,0,0,1,98.35709993394475
0.4010461023880866,0.5709679159812259,0,1,0,0,0,1,0,1,0,0,87.1944029287289
1.5768052691874464e-15,0.3964544083148781,0,1,0,0,0,1,0,0,0,1,86.98145779221032
-1.596194416509906,0.373298213087739,1,0,0,0,0,1,0,0,0,1,92.83194658009198
0.6229617155989746,-0.49148042321305746,0,1,0,0,0,1,0,1,0,0,88.17299831648924
-1.596194416509906,0.2813049647762847,1,0,0,0,0,0,1,0,0,1,97.78776775449917
-1.8181100297207942,0.2196252811258156,0,1,0,1,0,0,0,0,0,1,83.76449835064521
1.5768052691874464e-15,0.8564206498721418,0,1,0,0,0,1,0,0,0,1,86.77390280456954
1.5768052691874464e-15,0.7275880000629662,0,1,0,0,0,1,0,0,0,1,86.83203719927717
1.510624168442527,3.829170340418656e-15,0,1,0,0,0,1,0,0,1,0,93.1269737202271
1.066792942020751,0.655593283993134,0,1,0,0,0,1,0,0,0,1,89.26416634523484
-0.04278512403368954,-0.6308386163072944,0,1,0,0,0,1,0,0,0,1,87.34877230921938
-0.7085319636663537,-0.3439123063564719,0,1,0,0,1,0,0,0,0,1,87.15533239783797
1.732539781653415,0.39034959320954027,1,0,0,1,0,0,0,0,0,1,101.10480346254124
1.5768052691874464e-15,-1.272265224099049,1,0,0,1,0,0,0,0,0,1,97.95786900732044
0.6229617155989746,-0.444747011027377,0,1,0,1,0,0,0,0,0,1,89.55523218907122
0.4010461023880866,3.829170340418656e-15,1,0,0,0,0,1,0,0,1,0,100.06160752900045
-0.4866163504554657,0.3838237563728022,0,1,0,0,1,0,0,0,0,1,87.32612567351721
1.5768052691874464e-15,0.2602538782061582,0,1,0,0,1,0,0,0,0,1,88.47647931060371
1.066792942020751,0.4532923420542196,0,1,0,0,0,1,0,0,0,1,89.35545254346039
-2.040025642931682,0.42613644037875525,0,1,0,0,0,1,0,0,0,1,82.37923377848975
-0.04278512403368954,0.19267989031605331,0,1,0,0,0,1,0,0,0,1,86.97716813912751
-2.040025642931682,0.5181296886902076,0,1,0,0,0,1,0,0,0,1,82.3377227809616
-0.4866163504554657,0.18489098828510692,1,0,0,0,0,1,0,0,0,1,95.41284644833229
-0.9304475768772418,0.49265787394035576,1,0,0,0,1,0,0,1,0,0,95.09875916150914
2.1763710080751912,0.4918158304775495,0,1,0,0,0,1,0,0,0,1,91.83395228507518
-0.7085319636663537,-0.8929246441053701,0,1,0,0,0,1,0,0,0,1,85.96950606698269
0.17913048917719854,-1.7577032804061654,1,0,0,0,0,1,0,0,0,1,97.78695176862936
0.8448773288098628,0.13268429359119285,1,0,0,1,0,0,0,1,0,0,98.6139459042538
0.6229617155989746,0.1358419565767118,0,1,0,0,1,0,0,0,0,1,89.93390794976776
-0.9304475768772418,1.2633381532726853,0,1,1,0,0,0,0,0,0,1,88.35695101399517
-0.2647007372445776,0.5768622202208616,0,1,0,0,0,1,0,0,0,1,86.30463324115144
1.2887085552316389,3.829170340418656e-15,0,1,0,0,0,1,0,1,0,0,89.44875272110929
2.1763710080751912,0.13942064129363294,0,1,0,0,1,0,0,0,0,1,93.42652939720179
-2.4838568693534584,-0.5350561724132189,1,0,0,0,1,0,0,0,0,1,92.67868805094902
-1.15236319008813,0.08258270755429142,0,1,0,0,0,1,0,0,0,1,84.5309652834614
0.6229617155989746,0.34803690920358715,0,1,0,1,0,0,0,0,0,1,89.19749668176908
-1.15236319008813,0.2964617471067773,1,0,0,0,0,1,0,1,0,0,93.25455156799056
-0.4866163504554657,-0.5586333893717621,1,0,0,0,0,1,0,0,0,1,95.74835409883447
1.066792942020751,0.39877002783759086,0,1,0,0,0,1,0,1,0,0,88.76963527600128
-0.04278512403368954,0.4518187659943092,1,0,0,1,0,0,0,0,0,1,97.08365323212584
1.066792942020751,0.6608560556356656,0,1,0,0,0,1,0,1,0,0,88.65137167892449
0.17913048917719854,-2.5523817984284403,0,1,0,0,0,1,0,0,0,1,88.71502531920491
-0.7085319636663537,-0.8998715026735112,0,1,0,0,0,1,0,0,0,1,85.97264076473652
0.4010461023880866,-1.7406519002843632,0,1,0,1,0,0,0,0,1,0,92.20944368404848
2.1763710080751912,3.829170340418656e-15,0,1,0,0,0,1,0,0,0,1,92.05587906881198
2.398286621286079,0.4941314500002642,0,1,0,0,0,0,1,0,0,1,97.24639417580744
-2.040025642931682,0.5303393189008814,1,0,0,0,0,1,0,0,0,1,91.76273018647794
1.510624168442527,0.4103481254511604,0,1,0,0,0,0,1,0,0,1,95.28749407811762
1.2887085552316389,-1.8522226591060336,0,1,0,0,0,1,0,0,0,1,90.89496884747646
2.1763710080751912,-1.3518383313341276,0,1,0,0,0,0,1,1,0,0,96.96977235237108
1.5768052691874464e-15,0.2263616288282557,0,1,0,0,0,1,0,0,0,1,87.05821039175895
1.5768052691874464e-15,0.16678705383479736,1,0,0,0,0,1,0,0,0,1,96.515609674065
1.5768052691874464e-15,0.0815301532257851,0,1,0,0,1,0,0,0,0,1,88.55712653463439
1.5768052691874464e-15,-0.25023497111940907,1,0,0,0,0,1,0,0,0,1,96.70378653013658
-0.2647007372445776,-0.046670963986284425,0,1,0,0,0,1,0,0,0,1,86.58599611226904
1.954455394864303,-3.9550156965959684,0,1,0,1,0,0,0,0,0,1,94.13426414179888
-0.04278512403368954,0.29372510585266043,0,1,0,0,0,1,0,0,0,1,86.93157253543527
-0.4866163504554657,0.5596003292333583,0,1,1,0,0,0,0,0,0,1,89.6728586217525
-0.2647007372445776,3.829170340418656e-15,0,1,0,0,0,1,0,0,0,1,86.56493632466254
1.2887085552316389,2.383045447937714,0,1,0,0,1,0,0,1,0,0,89.806990665849
0.4010461023880866,0.0036411329163171073,0,1,0,1,0,0,0,1,0,0,88.24330518929763
1.510624168442527,0.017324339186899324,0,1,0,1,0,0,0,0,0,1,91.34343374543816
1.732539781653415,3.829170340418656e-15,0,1,0,1,0,0,0,1,0,0,91.24000789132319
-2.040025642931682,-0.9417631649480631,1,0,0,0,0,1,0,0,0,1,92.42700113776947
-0.7085319636663537,0.21352046602047778,1,0,0,0,1,0,0,0,0,1,96.3343135250982
-0.7085319636663537,3.829170340418656e-15,0,1,0,0,0,1,0,0,0,1,85.56658309845355
1.510624168442527,-0.6043142472289361,1,0,0,0,0,1,0,1,0,0,99.65113673399273
-0.7085319636663537,-0.3508591649246121,0,1,0,0,1,0,0,1,0,0,86.5480472003071
1.5768052691874464e-15,0.19015375992763853,1,0,0,0,0,0,1,1,0,0,100.80895597230548
0.17913048917719854,0.55181142720241,0,1,0,0,1,0,0,1,0,0,88.1374329264076
0.6229617155989746,0.007851350230342405,1,0,0,0,0,1,0,0,0,1,97.98861681115724
1.2887085552316389,-2.7054231977932606,0,1,0,1,0,0,0,0,0,1,92.07286867015786
-0.9304475768772418,0.1924693794503513,0,1,0,0,0,1,0,1,0,0,84.37013678226585
1.5768052691874464e-15,0.15373538016131932,0,1,0,0,0,1,0,0,0,1,87.09098223191276
-0.2647007372445776,0.7389555868108356,1,0,0,0,0,1,0,0,0,1,95.6620071678576
-0.4866163504554657,-1.379204743875292,0,1,0,0,1,0,0,0,0,1,88.12167396710602
2.620202234496967,0.6696975119951183,0,1,0,1,0,0,0,0,0,1,93.54494019462251
1.5768052691874464e-15,0.1773125971198606,0,1,0,1,0,0,0,0,1,0,90.44186969245143
-0.9304475768772418,-0.2251841781009574,0,1,0,0,0,1,0,0,0,1,85.1690185061452
2.398286621286079,0.44887161387449226,0,1,0,1,0,0,0,0,0,1,93.1454089737538
0.8448773288098628,0.17773361885126276,1,0,0,0,0,0,1,0,1,0,105.89407048316177
-1.15236319008813,3.829170340418656e-15,1,0,0,1,0,0,0,0,0,1,94.79164869054532
-0.9304475768772418,-0.8552431991448435,0,1,0,0,1,0,0,0,0,1,86.88688853758448
1.5768052691874464e-15,0.42739950557296363,0,1,0,0,0,1,0,0,0,1,86.96749413857957
-1.15236319008813,0.3223545835880313,0,1,0,0,0,1,0,0,0,1,84.42277071553332
1.732539781653415,3.829170340418656e-15,1,0,0,0,0,1,0,0,0,1,100.48804271689882
-1.596194416509906,0.48907918922343463,0,1,1,0,0,0,0,0,0,1,87.20879748797357
1.066792942020751,-0.6767299850301705,0,1,0,1,0,0,0,0,0,1,90.65826532209034
1.2887085552316389,0.5408648621859447,1,0,0,0,1,0,0,0,0,1,100.67919228524394
1.5768052691874464e-15,0.30846086645174897,0,1,0,0,0,1,0,0,0,1,87.021163963759
0.4010461023880866,0.3389849419784324,0,1,0,0,1,0,0,0,0,1,89.34306517507363
1.066792942020751,0.5444435469028658,1,0,0,0,0,1,0,0,0,1,98.74483838359215
1.5768052691874464e-15,0.12279028290323378,0,1,0,0,1,0,0,1,0,0,87.92808843450867
1.5768052691874464e-15,0.269305845431313,0,1,0,0,1,0,0,0,0,1,88.47239470443961
0.17913048917719854,0.3337221703359008,1,0,0,0,0,1,0,1,0,0,96.232797867756
-0.04278512403368954,0.2398343242331359,1,0,0,0,0,1,0,0,0,1,96.38640706503362
1.5768052691874464e-15,-3.261803415841703,1,0,0,0,0,1,0,0,0,1,98.0627255018478
1.5768052691874464e-15,0.14657801072747517,0,1,0,0,1,0,0,0,0,1,88.52777436475749
0.6229617155989746,3.829170340418656e-15,0,1,0,1,0,0,0,0,0,1,89.35454472108545
0.6229617155989746,0.16173479305796779,0,1,0,0,1,0,0,0,0,1,89.92222407632161
3.7297803005514076,0.21015229216925868,0,1,0,0,0,1,0,0,1,0,98.02391081282741
0.6229617155989746,-1.7345470851790263,1,0,0,0,0,1,0,0,0,1,98.77485600232554
-0.2647007372445776,0.08552985967410837,0,1,0,0,0,1,0,1,0,0,85.9159219688203
-0.7085319636663537,0.3492999743977936,0,1,0,0,0,1,0,0,0,1,85.40896511409103
0.8448773288098628,0.5252870581240517,0,1,0,1,0,0,0,0,0,1,89.61669100673008
1.5768052691874464e-15,-0.22602622156376362,0,1,0,0,0,0,1,0,0,1,92.17665588600185
1.2887085552316389,-0.0896151805893436,1,0,0,1,0,0,0,1,0,0,99.71260945858575
-0.7085319636663537,0.1316317392626865,1,0,0,1,0,0,0,0,0,1,95.73060446201218
0.17913048917719854,-0.8773468400434763,0,1,0,0,0,0,1,1,0,0,92.26307347875908
0.6229617155989746,0.1257374350230507,1,0,0,0,1,0,0,0,1,0,101.93760887516142
-0.9304475768772418,3.829170340418656e-15,1,0,0,0,1,0,0,0,0,1,95.93148580389476
-0.04278512403368954,3.829170340418656e-15,0,1,0,0,1,0,0,0,0,1,88.49767538201691
-0.4866163504554657,0.1339473587853993,1,0,0,1,0,0,0,0,0,1,96.2287361758654
0.17913048917719854,-0.8527170687564287,0,1,0,0,0,1,0,0,0,1,87.94806926876478
0.8448773288098628,-0.014883823265394582,0,1,0,1,0,0,0,0,0,1,89.86043750480158
1.066792942020751,0.21078382476636096,0,1,0,0,0,1,0,0,0,1,89.46488199232179
-0.2647007372445776,0.18720660780781967,0,1,0,1,0,0,0,1,0,0,86.66294333660989
0.8448773288098628,-0.26854941643541874,0,1,0,0,0,1,0,0,0,1,89.18199952423242
-0.7085319636663537,0.262990519460275,0,1,0,0,1,0,0,0,0,1,86.88147380316137
0.8448773288098628,0.24278147635295474,1,0,1,0,0,0,0,0,0,1,102.24139639041871
-1.8181100297207942,-0.23844636264013747,0,1,0,0,0,0,1,0,1,0,90.66123114431949
-1.596194416509906,3.829170340418656e-15,1,0,0,1,0,0,0,0,0,1,93.79329546433632
-1.15236319008813,3.829170340418656e-15,0,1,0,0,0,1,0,0,0,1,84.56822987224456
1.5768052691874464e-15,0.7842154229366075,0,1,0,1,0,0,0,0,0,1,87.59938660704623
1.2887085552316389,0.06658388176099453,0,1,0,0,0,1,0,0,0,1,90.02912733152877
0.8448773288098628,1.4247999872655568,1,0,0,0,0,1,0,0,1,0,100.4170345640475
1.510624168442527,-0.15192639683691686,0,1,0,1,0,0,0,0,0,1,91.41980638162269
-0.9304475768772418,3.829170340418656e-15,0,1,0,0,0,1,0,0,0,1,85.06740648534905
-0.9304475768772418,0.5503378511425016,0,1,0,0,0,1,0,0,0,1,84.81907224780716
0.8448773288098628,0.2827785408361951,1,0,0,0,0,1,0,1,0,0,97.75331549059767
0.17913048917719854,0.29898787749519207,0,1,0,1,0,0,0,0,0,1,88.22127632151904
-0.2647007372445776,-1.1015409120153234,1,0,0,0,0,1,0,0,0,1,96.49251209094379
0.4010461023880866,0.5690733181899152,0,1,0,0,0,1,0,1,0,0,87.19525784629813
1.2887085552316389,0.46571248313059344,0,1,0,0,1,0,0,0,0,1,91.28258714119424
-1.596194416509906,3.829170340418656e-15,1,0,0,0,0,0,1,0,0,1,97.91470369721044
1.510624168442527,0.4551869398455302,0,1,0,1,0,0,0,0,0,1,91.14585279610506
1.5768052691874464e-15,0.4103481254511604,1,0,0,0,0,1,0,0,0,1,96.40570527099847
0.4010461023880866,0.27856832352216976,0,1,0,0,0,1,0,0,0,1,87.93676510219808
1.066792942020751,2.055069519175143,0,1,0,1,0,0,0,0,0,1,89.42556917810205
2.1763710080751912,-2.6698468614897464,0,1,0,0,1,0,0,1,0,0,94.08376227540275
1.5768052691874464e-15,0.4829743741180968,1,0,0,1,0,0,0,1,0,0,96.55541547956486
1.066792942020751,0.36045705027996106,0,1,0,0,0,1,0,0,0,1,89.39734350435263
-0.4866163504554657,-1.973476917749962,1,0,0,0,1,0,0,0,0,1,97.82034998561691
1.510624168442527,0.3499315069948978,0,1,0,0,0,1,0,0,0,1,90.40044627261291
0.6229617155989746,0.4246628643188468,1,0,0,1,0,0,0,0,0,1,98.59343688993161
1.510624168442527,3.829170340418656e-15,0,1,0,0,0,1,0,0,0,1,90.5583492294985
-0.4866163504554657,-1.7362311721046368,0,1,0,0,0,1,0,0,0,1,86.84921598923545
0.17913048917719854,3.829170340418656e-15,0,1,0,0,0,1,0,0,0,1,87.56328955087153
-1.3742788032990179,0.3819291585814897,0,1,0,1,0,0,0,0,0,1,84.68961363842352
1.066792942020751,3.829170340418656e-15,0,1,0,0,0,1,0,0,0,1,89.55999600328951
0.8448773288098628,-0.23592023225172268,0,1,0,1,0,0,0,0,0,1,89.96017788787839
0.6229617155989746,-1.7680183128255278,0,1,0,0,1,0,0,1,0,0,90.18258522071793
0.8448773288098628,-0.45885123902936137,0,1,0,0,0,1,0,0,0,1,89.2678712445195
1.510624168442527,0.6290689149147758,1,0,0,0,1,0,0,0,0,1,101.13856773595874
1.2887085552316389,1.1761866548723623,1,0,0,0,0,1,0,0,0,1,98.95894748277904
-0.04278512403368954,-1.9842129719007273,1,0,1,0,0,0,0,0,0,1,101.24959804520981
1.5768052691874464e-15,3.829170340418656e-15,0,1,0,0,0,0,1,0,0,1,92.0746639018416
1.5768052691874464e-15,0.06868899041800718,1,0,0,0,0,1,0,0,0,1,96.55987540598291
1.5768052691874464e-15,3.829170340418656e-15,1,0,0,0,1,0,0,1,0,0,97.41401314822353
1.5768052691874464e-15,3.829170340418656e-15,0,1,0,1,0,0,0,0,0,1,87.95325566896749
-0.9304475768772418,2.0698052797742315,0,1,0,1,0,0,0,0,0,1,84.92633030128982
-1.8181100297207942,-1.1040670424037382,1,0,0,0,0,1,0,0,0,1,92.99941568930464
-1.15236319008813,3.829170340418656e-15,0,1,0,1,0,0,0,0,0,1,85.36113181624948
0.4010461023880866,-0.5790529433447844,0,1,0,0,1,0,0,0,0,1,89.75732023278596
-1.15236319008813,-1.1726935846223512,0,1,0,0,1,0,0,0,0,1,86.53095811274649
-0.4866163504554657,0.4246628643188468,1,0,0,0,0,1,0,0,0,1,95.30465188040422
1.5768052691874464e-15,-0.9230276979006504,0,1,0,1,0,0,0,0,1,0,90.93838681849186
0.6229617155989746,2.412516969135891,0,1,1,0,0,0,0,0,0,1,91.33263230456826
-0.04278512403368954,0.3652988001910905,0,1,0,1,0,0,0,1,0,0,87.08175769820679
-1.596194416509906,0.4130847667052772,0,1,0,0,0,0,1,0,1,0,90.86641110444997
0.4010461023880866,-0.07340584393034659,1,0,1,0,0,0,0,0,0,1,101.38571940743007
0.4010461023880866,-0.25023497111940907,0,1,0,1,0,0,0,0,0,1,88.96828403885914
-1.15236319008813,-0.14603209259728298,1,0,1,0,0,0,0,1,0,0,97.3138350605677
0.17913048917719854,3.829170340418656e-15,0,1,0,0,0,1,0,0,0,1,87.56328955087153
1.5768052691874464e-15,3.829170340418656e-15,1,0,0,0,0,1,0,0,1,0,99.15949508998699
0.4010461023880866,0.14236779341344988,0,1,0,1,0,0,0,1,0,0,88.18070622506181
-1.3742788032990179,3.829170340418656e-15,0,1,0,0,0,1,0,0,1,0,86.63767774986867
1.954455394864303,0.43603045106671434,0,1,0,1,0,0,0,0,0,1,92.15285018884737
-0.2647007372445776,-0.0456184096577781,0,1,0,0,1,0,0,0,0,1,88.01908360231378
-1.15236319008813,3.829170340418656e-15,0,1,0,0,0,0,1,0,0,1,89.4825400491236
0.8448773288098628,0.28951488853863516,0,1,0,0,1,0,0,0,0,1,90.36374124892362
0.8448773288098628,-0.5706325087167338,0,1,0,0,0,1,0,0,0,1,89.31831138110405
1.732539781653415,-0.1414008535518536,0,1,0,0,0,1,0,0,0,1,91.12133150867098
0.17913048917719854,-1.2737388001589585,0,1,0,1,0,0,0,0,0,1,88.93095289482076
1.5768052691874464e-15,-0.20960637403906457,0,1,0,0,0,1,0,0,0,1,87.25493642352282
0.8448773288098628,0.08826650092822519,1,0,0,1,0,0,0,1,0,0,98.63398897171018
-1.596194416509906,3.829170340418656e-15,0,1,0,0,1,0,0,0,0,1,85.00343909028544
0.4010461023880866,0.3709825935650243,0,1,0,0,0,1,0,0,0,1,87.89506412298788
-0.4866163504554657,3.829170340418656e-15,1,0,0,0,0,1,0,0,0,1,95.49627658585388
0.17913048917719854,0.4644494179363851,0,1,0,0,1,0,0,1,0,0,88.1768541254332
1.5768052691874464e-15,3.829170340418656e-15,0,1,0,0,0,1,0,0,0,1,87.16035372496256
-0.2647007372445776,3.829170340418656e-15,0,1,0,0,1,0,0,0,0,1,87.99849876891241
0.17913048917719854,-0.03551388810411892,1,0,0,0,0,1,0,0,1,0,99.57845618892812
-0.2647007372445776,0.3714036152964264,0,1,0,0,0,1,0,0,0,1,86.39734430199235
1.5768052691874464e-15,0.3339326812016009,0,1,0,0,0,1,0,1,0,0,86.39925017671018
0.8448773288098628,-4.7292746606452205,0,1,0,0,1,0,0,0,0,1,92.62841788981325
0.8448773288098628,-1.8804311151100033,0,1,0,0,0,1,0,0,0,1,89.9093443939649
0.17913048917719854,1.7456185465942837,1,0,0,0,0,1,0,1,0,0,95.59569429699779
0.17913048917719854,0.2008898140784019,0,1,0,1,0,0,0,1,0,0,87.65512215815221
-0.2647007372445776,0.5758096658923554,1,0,0,0,0,1,0,0,0,1,95.73562506965239
-0.04278512403368954,0.21541506381179032,1,0,0,0,0,1,0,0,1,0,98.96605049332119
1.5768052691874464e-15,-0.772512428924246,0,1,0,0,1,0,0,0,0,1,88.94250437667496
-0.7085319636663537,-0.7259895276042676,0,1,0,0,1,0,0,0,0,1,87.3277407742993
1.5768052691874464e-15,0.23941330250173373,1,0,0,0,0,1,0,0,0,1,96.48283783391119
0.4010461023880866,0.5833880570575998,0,1,0,0,1,0,0,1,0,0,88.62236091335826
1.510624168442527,0.535812601409115,0,1,0,0,1,0,0,0,0,1,91.75013180423723
-1.596194416509906,0.49623655865727684,1,0,0,1,0,0,0,0,1,0,96.1379983636666
-0.7085319636663537,0.8044244660439278,0,1,0,1,0,0,0,0,0,1,85.99649685979877
-0.7085319636663537,0.43160972288698896,0,1,0,1,0,0,0,1,0,0,85.55430574397026
0.8448773288098628,0.7783211186969717,0,1,0,1,0,0,0,0,0,1,89.50251201581739
0.4010461023880866,0.4259259295130552,0,1,0,0,1,0,0,0,0,1,89.30383395773008
1.5768052691874464e-15,0.1756285101942501,0,1,0,0,0,1,0,1,0,0,86.47068328916139
-1.3742788032990179,-0.2820221118402989,0,1,0,1,0,0,0,0,0,1,84.98921475101804
1.732539781653415,0.4747644503557482,0,1,1,0,0,0,0,0,0,1,94.70290606173073
0.6229617155989746,0.0832142401513956,0,1,0,1,0,0,0,0,0,1,89.3169951597792
-1.3742788032990179,0.558126753173448,1,0,0,0,0,1,0,0,0,1,93.24772123477605
1.2887085552316389,0.29119897546424567,0,1,0,0,0,1,0,1,0,0,89.3173522088698
-0.04278512403368954,0.5642315682787858,0,1,0,0,0,1,0,0,0,1,86.80950930471745
0.6229617155989746,0.48950021095483676,0,1,0,1,0,0,0,1,0,0,88.5232429413152
-0.2647007372445776,0.2600433673404581,0,1,0,1,0,0,0,1,0,0,86.63007650561505
1.5768052691874464e-15,0.33877443111273037,1,0,0,0,1,0,0,1,0,0,97.2611447059123
1.5768052691874464e-15,3.829170340418656e-15,0,1,0,0,1,0,0,0,0,1,88.59391616921243
1.732539781653415,-3.420739119446158,0,1,0,1,0,0,0,0,0,1,93.3940007741716
0.8448773288098628,0.20762616178084198,0,1,0,1,0,0,0,1,0,0,89.14961229055288
-0.7085319636663537,0.36929850663941377,1,0,0,0,1,0,0,0,0,1,96.26402030273931
1.5768052691874464e-15,-2.0111583627104888,1,0,0,0,0,1,0,0,0,1,97.49838491531513
0.17913048917719854,-0.20181747200811814,0,1,0,1,0,0,0,0,0,1,88.44725953231877
-1.15236319008813,-2.4269173224704867,0,1,0,0,0,1,0,1,0,0,85.05293120404201
-1.8181100297207942,-2.0309463840864077,0,1,0,0,0,0,1,0,0,1,88.90145366492325
1.954455394864303,0.3326696160073945,0,1,0,1,0,0,0,0,0,1,92.19949069179091
1.5768052691874464e-15,-0.16203091839057795,1,0,0,0,0,0,1,0,0,1,101.57829554462592
0.8448773288098628,-0.05214424649451808,1,0,0,0,0,1,0,1,0,0,97.9044459186693
-0.9304475768772418,-0.7941950480914767,0,1,0,0,0,1,0,0,1,0,87.99440324016582
-0.7085319636663537,-1.4787763833519896,1,0,0,1,0,0,0,0,1,0,99.02590888658608
0.6229617155989746,0.2897253994043353,0,1,0,0,0,1,0,0,0,1,88.43090720072823
1.2887085552316389,3.829170340418656e-15,0,1,0,0,0,1,0,0,0,1,90.05917261639401
1.2887085552316389,0.1451044346675667,1,0,0,0,1,0,0,0,0,1,100.85777506637194
1.5768052691874464e-15,-2.7803650659829104,0,1,0,0,0,0,1,0,1,0,95.89789924173422
1.954455394864303,-0.448115184878598,0,1,0,0,0,0,1,1,0,0,96.06280005874399
-0.4866163504554657,0.4840269284466031,0,1,0,1,0,0,0,0,0,1,86.64024953294411
0.17913048917719854,0.564652590010188,1,0,0,0,0,1,0,1,0,0,96.128592915151
-1.596194416509906,0.1467885215931772,1,0,0,1,0,0,0,0,0,1,93.72705866904036
0.17913048917719854,0.3097239316459554,1,0,0,1,0,0,0,0,0,1,97.64694866292257
-2.26194125614257,0.15815610834104474,0,1,0,0,1,0,0,0,0,1,83.43454295026062
-0.2647007372445776,0.46844912438471026,0,1,0,0,0,1,0,0,0,1,86.35355352427958
0.6229617155989746,-0.29570531811088113,1,0,0,0,0,1,0,0,0,1,98.12559360391604
1.954455394864303,0.35393121344322104,0,1,0,0,0,1,0,1,0,0,90.78657477755769
-0.7085319636663537,-0.12813866901267545,0,1,0,0,0,1,0,0,0,1,85.62440434153693
-1.3742788032990179,0.28930437767293316,1,0,0,0,1,0,0,0,1,0,97.37121147374413
1.5768052691874464e-15,-1.2082699209258643,0,1,0,0,1,0,0,0,0,1,89.1391354175978
-0.9304475768772418,-0.4519043804612193,0,1,0,1,0,0,0,1,0,0,85.45380569064992
-0.04278512403368954,-0.7588292226536638,0,1,0,0,1,0,0,0,1,0,91.40871367554138
-2.26194125614257,-1.891798701857872,0,1,0,0,0,1,0,0,0,1,82.92600131591736
0.4010461023880866,0.43603045106671434,0,1,0,0,0,0,1,0,0,1,92.78002212999003
-0.2647007372445776,-1.0714378582200421,0,1,0,0,0,1,0,0,1,0,89.61703601710992
-0.4866163504554657,3.829170340418656e-15,0,1,0,0,0,1,0,0,0,1,86.06575971155804
1.5768052691874464e-15,-0.636101387949826,0,1,0,1,0,0,0,0,0,1,88.24028981144546
0.8448773288098628,0.321302029259525,0,1,0,1,0,0,0,0,0,1,89.70873713168382
1.5768052691874464e-15,2.3527318832767308,0,1,0,1,0,0,0,0,0,1,86.891609850565
-0.9304475768772418,9.646722868959856,0,1,0,1,0,0,0,1,0,0,80.89690506497323
-0.4866163504554657,0.3448792462180682,0,1,0,0,0,1,0,0,0,1,85.91013653485706
-0.04278512403368954,-0.20708024365064978,0,1,0,0,0,1,0,0,0,1,87.15755574623499
-0.2647007372445776,0.5017098411655105,1,0,0,0,0,1,0,0,0,1,95.76906184569337
0.6229617155989746,0.5572847097106437,0,1,0,0,0,1,0,0,0,1,88.31017384178477
-0.4866163504554657,3.829170340418656e-15,0,1,0,1,0,0,0,1,0,0,86.24824176027825
2.1763710080751912,3.829170340418656e-15,0,1,0,0,0,1,0,0,0,1,92.05587906881198
0.6229617155989746,0.616859284704102,1,0,0,0,0,1,0,0,0,1,97.71380830807038
-1.15236319008813,0.6183328607640105,0,1,0,0,0,0,1,0,0,1,89.20352376993046
0.8448773288098628,0.17289186894013328,1,0,0,0,1,0,0,0,0,1,99.84688304914758
-0.4866163504554657,0.18615405347931335,0,1,0,0,0,1,0,0,0,1,85.98175962899032
1.2887085552316389,3.829170340418656e-15,0,1,0,0,0,0,1,1,0,0,94.36306289798833
-0.2647007372445776,0.652646131873317,0,1,0,0,1,0,0,0,0,1,87.7039989826321
0.17913048917719854,3.829170340418656e-15,0,1,0,0,0,1,0,0,1,0,90.13191404160014
0.6229617155989746,0.5543375575908267,0,1,0,0,0,1,0,1,0,0,87.70108381827441
1.5768052691874464e-15,0.039006958354129984,0,1,0,0,0,1,0,0,0,1,87.14275224027168
0.17913048917719854,0.2520439544438096,0,1,0,1,0,0,0,0,0,1,88.24245927906773
0.4010461023880866,0.344247713620964,0,1,0,0,0,1,0,0,0,1,87.90712795979812
-0.9304475768772418,0.792214835833256,0,1,0,0,0,1,0,0,0,1,84.70992777146883
0.6229617155989746,3.829170340418656e-15,1,0,0,0,0,1,0,0,0,1,97.99215965137634
1.066792942020751,0.5459171229627762,0,1,0,0,1,0,0,1,0,0,90.1367991223743
0.8448773288098628,2.4102013496131764,1,0,0,1,0,0,0,0,1,0,100.76528438121193
-0.4866163504554657,0.5724414920411344,0,1,0,0,1,0,0,1,0,0,86.63059398467362
1.066792942020751,0.07837249024026613,0,1,0,0,0,1,0,0,0,1,89.52463123132685
0.4010461023880866,0.2730950410139361,0,1,0,0,0,1,0,0,0,1,87.93923486406474
-0.4866163504554657,0.3322485942759923,0,1,0,0,1,0,0,0,0,1,87.34939842956847
-1.15236319008813,-0.181818939766498,0,1,0,1,0,0,0,0,0,1,85.44317572379438
1.954455394864303,3.829170340418656e-15,0,1,0,0,1,0,0,0,0,1,92.99026489995735
-1.15236319008813,3.829170340418656e-15,0,1,0,0,0,1,0,0,0,1,84.56822987224456
0.17913048917719854,0.40971659285405626,0,1,0,0,1,0,0,1,0,0,88.20155174409983
0.6229617155989746,0.191627335987547,0,1,0,0,0,1,0,0,0,1,88.47517293264612
-0.7085319636663537,3.829170340418656e-15,0,1,0,0,0,1,0,0,0,1,85.56658309845355
1.066792942020751,0.20425798792962288,1,0,0,0,0,1,0,0,0,1,98.8983435826894
-0.4866163504554657,0.7233777827489408,1,0,0,0,1,0,0,0,0,1,96.60342232123887
1.954455394864303,0.21415199861758197,0,1,0,0,0,1,0,0,0,1,91.46006859128336
-0.9304475768772418,0.10594941364713259,0,1,0,1,0,0,0,1,0,0,85.20207996193226
-0.4866163504554657,0.5537060249937226,1,0,0,0,0,1,0,0,1,0,97.81504698558417
0.4010461023880866,0.29667225797247737,1,0,0,1,0,0,0,0,0,1,98.15201470817064
-0.9304475768772418,0.918731866119715,1,0,0,0,1,0,0,0,0,1,95.51691759455818
-1.596194416509906,3.829170340418656e-15,1,0,0,0,0,1,0,0,0,1,93.0003935203314
-1.8181100297207942,3.829170340418656e-15,0,1,0,0,1,0,0,0,0,1,84.50426247718094
1.510624168442527,2.4956687610878907,0,1,0,0,0,1,0,0,0,1,89.43220463003969
-0.04278512403368954,0.21120484649776503,0,1,0,0,0,1,0,0,0,1,86.96880894511726
-0.7085319636663537,-2.001895884619633,0,1,0,1,0,0,0,0,0,1,87.26281976151009
-0.4866163504554657,1.4269050959225695,0,1,0,1,0,0,0,0,0,1,86.21478555599077
-0.4866163504554657,0.17415493413434163,0,1,0,0,0,1,0,0,0,1,85.98717410692878
1.5768052691874464e-15,0.626753295392061,1,0,0,0,0,1,0,0,0,1,96.30805468642423
-0.4866163504554657,0.4551869398455302,1,0,0,1,0,0,0,0,0,1,96.08378015246043
-0.7085319636663537,3.829170340418656e-15,0,1,0,0,1,0,0,1,0,0,86.3897256474187
-0.9304475768772418,0.19562704243587026,0,1,0,0,0,1,0,1,0,0,84.36871191965045
0.4010461023880866,0.36719339798240114,0,1,0,1,0,0,0,0,1,0,91.25830039285987
-1.3742788032990179,-0.09340437617196676,0,1,0,0,0,1,0,0,0,1,84.11120101345423
-0.4866163504554657,-2.639112275097362,0,1,0,0,0,1,0,0,0,1,87.25663170639395
-1.15236319008813,-1.7817015190961099,0,1,0,0,1,0,0,1,0,0,86.19534672054863
-0.4866163504554657,0.2490968023239927,0,1,0,0,0,1,0,1,0,0,85.34293747223896
0.6229617155989746,0.5934925786112608,1,0,0,0,1,0,0,0,0,1,99.15791473567408
0.8448773288098628,3.829170340418656e-15,0,1,0,0,0,1,0,0,1,0,91.62944388091361
-0.04278512403368954,-0.013199736339784081,0,1,0,0,1,0,0,0,0,1,88.50363162590035
-0.7085319636663537,0.07016256647791756,0,1,0,0,0,1,0,0,1,0,88.10354746001948
-0.2647007372445776,0.23583461778481263,0,1,0,0,0,1,0,0,0,1,86.45851840361279
1.5768052691874464e-15,-2.5464874941888054,0,1,1,0,0,0,0,0,0,1,92.16904249448869
1.066792942020751,0.30909239904885316,0,1,0,1,0,0,0,1,0,0,89.60300331828307
-0.9304475768772418,0.11500138087228545,0,1,0,0,0,1,0,0,0,1,85.01551330704795
-0.2647007372445776,0.45792358109964704,0,1,0,0,0,0,1,0,0,1,91.27261324320989
1.732539781653415,-0.03467184464131271,0,1,0,1,0,0,0,0,0,1,91.86607309627595
-0.2647007372445776,0.21773068333450307,1,0,0,0,0,1,0,0,0,1,95.8972044902368
-0.7085319636663537,0.45223978772571327,0,1,0,1,0,0,0,0,1,0,88.72404102756308
0.6229617155989746,0.331196039947486,0,1,0,0,0,1,0,0,1,0,90.9808184957748
0.4010461023880866,3.829170340418656e-15,0,1,0,0,0,1,0,0,0,1,88.06246616397603
-0.7085319636663537,2.5207195541063405,0,1,0,1,0,0,0,0,0,1,85.22203653291763
-1.596194416509906,3.829170340418656e-15,1,0,0,0,1,0,0,1,0,0,93.82353606929655
-1.3742788032990179,0.06637337089529441,1,0,0,1,0,0,0,0,0,1,94.26252178341662
1.5768052691874464e-15,0.11352780481237698,0,1,0,1,0,0,0,0,0,1,87.90202742655356
-0.2647007372445776,0.07879351197166827,0,1,0,1,0,0,0,0,0,1,87.32228351502275
1.2887085552316389,3.829170340418656e-15,0,1,0,0,0,1,0,1,0,0,89.44875272110929
-0.04278512403368954,-4.776008072830901,1,0,0,1,0,0,0,0,0,1,99.44265577815382
-0.04278512403368954,0.41834753834780886,0,1,0,0,0,1,0,0,0,1,86.87533795754814
-0.04278512403368954,-1.1371172483188372,0,1,0,0,1,0,0,0,0,1,89.01078772613565
0.4010461023880866,0.3526681482490146,0,1,0,0,0,1,0,0,0,1,87.9033283261571
-0.7085319636663537,-0.5575808350432557,1,0,0,0,0,1,0,0,0,1,95.24870253152484
1.2887085552316389,0.2568857043549391,1,0,0,0,1,0,0,1,0,0,100.19691503450267
1.5768052691874464e-15,0.4547659181141281,1,0,0,0,0,1,0,0,1,0,98.95428669427068
-0.9304475768772418,0.024271197755041444,1,0,0,0,0,1,0,0,0,1,94.48697123382578
0.6229617155989746,-0.30665188312734654,0,1,0,0,0,1,0,1,0,0,88.08959635806883
1.2887085552316389,-2.0532605358507414,0,1,0,1,0,0,0,0,0,1,91.77858704466077
-0.04278512403368954,3.829170340418656e-15,1,0,0,0,0,1,0,0,1,0,99.06325430279146
1.066792942020751,-0.6798876480156895,1,0,0,0,0,1,0,1,0,0,98.68688521971191
-1.15236319008813,0.5067621019423401,0,1,0,1,0,0,0,0,0,1,85.13246068279987
-1.3742788032990179,3.829170340418656e-15,0,1,0,0,0,1,0,0,0,1,84.06905325914008
-0.04278512403368954,3.829170340418656e-15,1,0,0,0,1,0,0,0,0,1,97.92819225631273
1.2887085552316389,0.5979133067909882,0,1,0,0,0,1,0,1,0,0,89.17895055349561
-1.3742788032990179,0.3747717891476474,0,1,0,0,1,0,0,1,0,0,84.7230839319786
0.17913048917719854,-6.370627880517983,0,1,0,0,1,0,0,0,0,1,91.87153163797582
0.17913048917719854,3.829170340418656e-15,0,1,0,0,0,1,0,0,0,1,87.56328955087153
0.8448773288098628,0.5606528835618647,0,1,0,1,0,0,0,1,0,0,88.99031265015307
-0.2647007372445776,0.3031980948092174,0,1,0,0,0,1,0,1,0,0,85.8177014391999
-0.2647007372445776,1.1639770246616885,1,0,0,0,0,1,0,0,0,1,95.47022065982705
0.4010461023880866,3.829170340418656e-15,0,1,0,0,1,0,0,0,1,0,92.0646530989545
-1.15236319008813,1.0928243520546608,1,0,0,1,0,0,0,0,1,0,96.86714754640923
0.8448773288098628,0.5718099594440301,0,1,0,0,0,1,0,0,0,1,88.8027960868585
2.398286621286079,-0.5864208236443287,1,0,0,0,0,1,0,0,0,1,102.25018886020827
0.6229617155989746,0.13415786965110132,0,1,0,1,0,0,0,0,0,1,89.29400737625102
-0.04278512403368954,-1.7000233032040197,0,1,0,0,1,0,0,1,0,0,88.65437333975319
0.4010461023880866,-3.276118154709389,0,1,0,0,0,1,0,0,0,1,89.54078044375517
-2.26194125614257,0.5539165358594227,0,1,0,0,0,1,0,0,0,1,81.82239772488276
1.732539781653415,0.2975143014352836,0,1,0,0,0,1,0,0,0,1,90.92327560513276
1.732539781653415,0.454555407248426,0,1,0,1,0,0,0,1,0,0,91.03489448644791
-1.15236319008813,0.34803690920358715,0,1,0,0,1,0,0,0,1,0,88.41336876790668
-1.15236319008813,3.829170340418656e-15,0,1,0,1,0,0,0,1,0,0,84.75071192096476
-0.4866163504554657,0.3954018539863718,0,1,0,0,0,1,0,0,0,1,85.88733873301094
0.6229617155989746,0.23351899826209793,1,0,0,0,1,0,0,0,0,1,99.32034907382774
2.8421178477078555,0.26720073677430034,0,1,0,0,0,1,0,0,0,1,93.4328373517629
1.5768052691874464e-15,0.29604072537537324,1,0,0,0,0,1,0,0,0,1,96.45728529767533
1.954455394864303,0.0857403705398104,0,1,0,0,1,0,0,0,0,1,92.9515754485588
-0.2647007372445776,0.5928610460141567,0,1,0,0,0,1,0,0,0,1,86.29741393723349
-0.04278512403368954,-2.571117265475853,0,1,0,0,0,1,0,1,0,0,87.61388299566697
0.4010461023880866,0.461081244085166,0,1,0,0,0,1,0,0,1,0,90.42303253375755
-2.040025642931682,0.3297224638875756,0,1,0,0,0,1,0,1,0,0,81.81231968839472
-1.3742788032990179,-1.9126392775622971,0,1,0,1,0,0,0,1,0,0,85.11459391031707
1.732539781653415,1.9371834343824348,0,1,0,0,0,0,1,0,0,1,95.09770212126395
-0.9304475768772418,-0.11445546274209324,0,1,0,0,0,1,0,1,0,0,84.50863342848106
-0.7085319636663537,3.829170340418656e-15,0,1,0,1,0,0,0,1,0,0,85.74906514717375
-0.7085319636663537,0.7715847709945317,1,0,0,0,0,1,0,0,1,0,97.21755485201825
-0.04278512403368954,0.4575025593682449,1,0,1,0,0,0,0,1,0,0,99.53737938486998
1.510624168442527,0.14047319562213925,0,1,0,1,0,0,0,0,0,1,91.28786410343822
-0.4866163504554657,0.9536766698261258,0,1,0,0,0,0,1,1,0,0,89.93931330420556
0.17913048917719854,0.24551811760706965,0,1,0,0,0,1,0,0,0,1,87.4525020511346
0.8448773288098628,-0.09782510435169217,0,1,0,0,0,1,0,0,1,0,91.67358644288933
-0.4866163504554657,-0.8971348614193954,1,0,1,0,0,0,0,0,0,1,99.76071211594498
-0.4866163504554657,0.5423384382458531,1,0,0,0,1,0,0,0,0,1,96.68511444452082
1.510624168442527,0.42866257076717007,0,1,0,0,1,0,0,0,0,1,91.79848214231923
1.066792942020751,0.3253017357078502,0,1,0,0,1,0,0,0,1,0,93.41539390978237
-0.4866163504554657,-0.42874818523408015,0,1,0,0,0,1,0,0,0,1,86.25922787562588
1.5768052691874464e-15,0.23793972644182526,0,1,0,0,0,1,0,0,0,1,87.05298589550254
-0.7085319636663537,0.3728771913563349,0,1,0,0,1,0,0,0,0,1,86.83188858414604
-0.7085319636663537,-0.5979989212578982,1,0,0,0,0,1,0,0,0,1,95.26694077300175
1.954455394864303,0.5206558190786243,0,1,0,0,1,0,0,0,0,1,92.75532437100006
1.5768052691874464e-15,-0.960919653726878,0,1,0,0,0,1,0,0,0,1,87.59395873514293
1.5768052691874464e-15,0.15226180410141085,0,1,0,0,1,0,0,1,0,0,87.91478971676509
-1.8181100297207942,-0.06224876804817917,0,1,1,0,0,0,0,0,0,1,86.95840188751494
0.4010461023880866,3.829170340418656e-15,1,0,0,1,0,0,0,0,0,1,98.28588498227677
0.17913048917719854,0.4558184724426344,0,1,0,0,1,0,0,0,0,1,88.79116864519996
-0.4866163504554657,-0.15276844029972306,0,1,0,1,0,0,0,1,0,0,86.31717693176162
2.620202234496967,3.829170340418656e-15,1,0,0,1,0,0,0,0,0,1,103.27765111332172
-0.4866163504554657,0.4553974507112322,1,0,0,1,0,0,0,1,0,0,95.47326526633469
-0.4866163504554657,0.39708594091198035,1,0,1,0,0,0,0,1,0,0,98.56628853003531
-0.7085319636663537,3.829170340418656e-15,0,1,0,0,0,1,0,0,0,1,85.56658309845355
0.4010461023880866,0.36761441971380326,0,1,0,0,0,1,0,0,1,0,90.46520846717289
-1.15236319008813,0.47223831996733345,0,1,0,0,0,1,0,0,0,1,84.35513723672314
-0.7085319636663537,3.829170340418656e-15,1,0,0,0,1,0,0,0,0,1,96.43066241699924
-1.8181100297207942,-0.27612780760066313,0,1,0,0,1,0,0,0,0,1,84.62886228150528
-0.7085319636663537,0.28719926901592047,0,1,0,1,0,0,0,0,0,1,86.22988935619848
-2.26194125614257,3.829170340418656e-15,1,0,0,0,1,0,0,0,0,1,92.93642612526779
1.510624168442527,1.149451774928302,0,1,0,0,0,1,0,0,0,1,90.03967105839794
-1.8181100297207942,3.829170340418656e-15,0,1,0,0,1,0,0,0,0,1,84.50426247718094
-0.04278512403368954,1.3163868914294055,1,0,0,0,1,0,0,1,0,0,96.72376645299421
0.4010461023880866,0.13878910869652875,0,1,0,1,0,0,0,0,0,1,88.79274096464395
1.510624168442527,0.1568930431468383,0,1,1,0,0,0,0,0,1,0,96.91579010930339
1.2887085552316389,-0.22876286281787853,0,1,0,1,0,0,0,1,0,0,90.34488153020779
0.6229617155989746,0.172049825477329,0,1,0,0,1,0,0,0,0,1,89.91756952511136
-0.04278512403368954,0.6515935775448107,0,1,0,1,0,0,0,0,0,1,87.56299004969678
-0.04278512403368954,1.3271229455801687,0,1,0,0,0,1,0,0,0,1,86.46526249684094
-0.2647007372445776,0.5206558190786243,0,1,0,0,0,1,0,0,0,1,86.32999579570524
-0.4866163504554657,-2.4046031707061526,1,0,0,0,1,0,0,1,0,0,97.40447133275248
-1.596194416509906,0.41813702748210685,0,1,0,1,0,0,0,0,0,1,84.17409860066263
-0.04278512403368954,3.829170340418656e-15,0,1,0,0,1,0,0,1,0,0,87.88725548673219
1.5768052691874464e-15,-0.13340144065520707,1,0,0,0,0,1,0,0,0,1,96.6510666133674
-0.4866163504554657,0.43013614682708046,0,1,0,0,0,1,0,0,0,1,85.87166524424173
0.6229617155989746,-0.09403590876906902,0,1,0,1,0,0,0,0,0,1,89.3969774479227
1.5768052691874464e-15,0.28930437767293316,0,1,0,1,0,0,0,0,0,1,87.82271007429725
1.5768052691874464e-15,0.42192622306473,0,1,0,0,0,1,0,1,0,0,86.35954400516152
0.4010461023880866,2.5322976517199103,1,0,0,0,0,1,0,0,1,0,98.9189345232032
1.5768052691874464e-15,0.5170771343617013,0,1,0,0,0,1,0,0,0,1,86.9270280403027
1.066792942020751,0.10700196797563892,1,0,0,0,0,1,0,1,0,0,98.33180945595848
-1.596194416509906,0.060479066655658616,0,1,0,0,0,0,1,0,0,1,88.45689627243912
1.5768052691874464e-15,0.40803250592844764,0,1,0,0,0,1,0,0,0,1,86.97623329595392
1.066792942020751,0.2610959216689644,1,0,0,0,0,1,0,0,0,1,98.87269605561251
-0.4866163504554657,3.829170340418656e-15,0,1,0,1,0,0,0,0,1,0,89.42728614629158
-0.7085319636663537,3.829170340418656e-15,0,1,0,0,0,1,0,0,0,1,85.56658309845355
0.17913048917719854,-0.8754522422521647,0,1,0,0,1,0,0,0,0,1,89.3918907238454
-0.4866163504554657,3.829170340418656e-15,0,1,0,0,0,0,1,0,0,1,90.98006988843709
-0.7085319636663537,3.829170340418656e-15,0,1,0,0,1,0,0,0,1,0,89.56877003343202
-0.04278512403368954,0.4848689719094093,1,0,0,0,0,1,0,0,0,1,96.2758377260799
1.5768052691874464e-15,0.5343390253492065,0,1,0,0,0,1,0,0,0,1,86.9192387913386
-2.040025642931682,-0.8657687424299068,0,1,0,0,0,1,0,0,0,1,82.96219256986342
1.5768052691874464e-15,1.7696167852842273,0,1,0,0,0,0,1,0,0,1,91.27614271307984
-0.04278512403368954,0.14194677168204772,0,1,0,0,0,1,0,1,0,0,86.38964103652995
1.5768052691874464e-15,0.4922368522089536,1,0,0,1,0,0,0,0,0,1,97.16165577784446
0.4010461023880866,0.25667519348923706,1,0,0,0,0,1,0,0,0,1,97.37716102396057
1.066792942020751,0.22362498757413887,1,0,0,0,0,0,1,0,0,1,103.8039146021941
1.2887085552316389,0.1535248692956173,1,0,0,0,0,0,1,1,0,0,103.72430327007538
-2.040025642931682,0.230571846142281,1,0,0,0,0,1,0,1,0,0,91.28757724881358
0.8448773288098628,0.29793532316668575,0,1,0,0,1,0,0,0,0,1,90.3599416152826
-0.2647007372445776,0.35856245248865043,1,0,0,0,1,0,0,1,0,0,96.65679816655587
0.17913048917719854,-2.5921683520459795,0,1,0,0,0,1,0,0,0,1,88.73297858815873
0.6229617155989746,0.2840416060304015,0,1,0,0,1,0,0,0,0,1,89.86703439768579
-0.7085319636663537,0.4756064938185525,0,1,0,0,0,1,0,0,0,1,85.35197060947571
0.6229617155989746,3.829170340418656e-15,0,1,0,1,0,0,0,1,0,0,88.74412482580072
1.066792942020751,-1.1436430851555763,0,1,0,1,0,0,0,0,0,1,90.86895500748497
-0.2647007372445776,0.5539165358594227,0,1,0,0,0,1,0,0,0,1,86.31498724282321
0.17913048917719854,-0.36727901244931116,0,1,0,0,0,1,0,1,0,0,87.1186004940752
1.510624168442527,0.8787348016364747,0,1,0,0,0,1,0,1,0,0,89.55140938467206
-0.7085319636663537,0.279199856119272,0,1,0,0,0,1,0,1,0,0,84.83017716886782
0.4010461023880866,0.3815081368500875,0,1,0,0,0,1,0,0,0,1,87.8903145809366
-1.3742788032990179,0.47497496122144833,0,1,0,0,0,1,0,0,0,1,83.85472574268532
-0.7085319636663537,3.829170340418656e-15,0,1,0,0,0,1,0,0,0,1,85.56658309845355
2.398286621286079,0.031218056323183568,1,0,0,0,0,1,0,1,0,0,101.36106583735464
0.17913048917719854,0.32003896406531857,0,1,1,0,0,0,0,0,1,0,93.84711252888164
0.8448773288098628,0.36887748490801164,0,1,0,0,1,0,0,0,0,1,90.32792970185699
-0.9304475768772418,0.46908065698181445,0,1,0,0,1,0,0,0,1,0,88.85792564742148
-1.15236319008813,3.829170340418656e-15,1,0,0,1,0,0,0,0,1,0,97.36027318127391
1.5768052691874464e-15,3.829170340418656e-15,1,0,0,0,0,1,0,0,0,1,96.5908705992584
0.4010461023880866,0.6057022088219346,1,0,0,0,1,0,0,0,0,1,98.65322865379011
1.510624168442527,0.5069726128080422,1,0,0,0,0,1,0,0,0,1,99.76009997950368
-0.7085319636663537,-3.9293333709804146,0,1,0,0,0,1,0,0,0,1,87.33965395793491
-1.3742788032990179,0.4364514727981184,0,1,0,0,0,1,0,0,0,1,83.87210906659298
-0.04278512403368954,0.7071684460899439,0,1,0,1,0,0,0,0,0,1,87.53791246766605
0.8448773288098628,-0.8335605799776128,0,1,0,1,0,0,0,0,0,1,90.22985688554986
1.5768052691874464e-15,0.2474127153983822,0,1,0,0,0,0,1,0,0,1,91.96302148453543
1.5768052691874464e-15,0.8229494222256395,1,0,0,0,0,1,0,0,1,0,98.78814771331703
-3.1496037089861226,3.829170340418656e-15,0,1,0,0,0,1,0,1,0,0,79.46522045901939
2.8421178477078555,-0.018673018848017732,1,0,0,1,0,0,0,0,0,1,103.78525373217633
0.8448773288098628,0.2714109540883256,1,0,0,0,1,0,0,0,1,0,102.37105182627624
0.17913048917719854,3.829170340418656e-15,0,1,0,0,1,0,0,0,1,0,91.56547648585
-0.9304475768772418,0.4848689719094093,1,0,0,0,0,1,0,1,0,0,93.66871137837721
1.510624168442527,0.16468194517778473,0,1,0,0,0,1,0,1,0,0,89.87361831743065
-1.8181100297207942,-1.681708857888009,0,1,0,0,0,1,0,0,0,1,83.82955368278287
0.4010461023880866,0.383192223775698,0,1,1,0,0,0,0,0,0,1,91.74916739894987
-2.040025642931682,3.829170340418656e-15,0,1,0,0,0,1,0,0,0,1,82.57152341982659
0.4010461023880866,0.06911001214941125,0,1,0,0,0,1,0,0,0,1,88.03128098901848
-1.15236319008813,0.08784547919682305,0,1,0,0,0,1,0,0,0,1,84.52859051243576
1.732539781653415,0.5640210574130837,0,1,0,0,1,0,0,0,0,1,92.23657964464431
1.5768052691874464e-15,-0.1681357334959158,0,1,0,0,0,1,0,0,0,1,87.2362232278408
-0.2647007372445776,3.829170340418656e-15,1,0,0,1,0,0,0,0,0,1,96.7883551429633
0.8448773288098628,0.2168886398716988,0,1,0,0,0,0,1,0,1,0,96.4458853124352
0.6229617155989746,0.5301288080351813,0,1,0,0,0,1,0,0,0,1,88.32242766027707
1.5768052691874464e-15,-0.35696398002994995,0,1,0,1,0,0,0,0,0,1,88.11433195624562
-0.4866163504554657,-0.11887619092181866,0,1,0,0,0,1,0,0,0,1,86.1194013576363
1.5768052691874464e-15,1.395749487798782,1,0,0,1,0,0,0,1,0,0,96.14353519287818
1.510624168442527,0.16320836911787626,1,0,0,0,1,0,0,0,0,1,101.34878246714824
0.4010461023880866,0.5278131885124666,0,1,0,0,0,1,0,0,0,1,87.82429594642386
-0.04278512403368954,0.5732835355039405,0,1,0,0,0,1,0,0,0,1,86.80542469855335
0.4010461023880866,0.07205716426922819,1,0,0,0,1,0,0,0,0,1,98.89403043578983
1.066792942020751,0.21330995515477766,0,1,0,0,1,0,0,0,1,0,93.46592903720796
-1.596194416509906,0.2781473017907657,0,1,0,1,0,0,0,1,0,0,83.6268476146599
1.2887085552316389,0.46655452659339774,0,1,0,1,0,0,0,0,1,0,93.21017116831379
0.8448773288098628,-0.2167637434729068,0,1,0,0,0,1,0,0,1,0,91.72725626806874
-0.9304475768772418,3.829170340418656e-15,1,0,0,0,1,0,0,0,0,1,95.93148580389476
-0.2647007372445776,0.4661335048619956,0,1,0,0,0,1,0,0,0,1,86.35459842353086
-0.7085319636663537,0.0044831763791214,0,1,0,0,1,0,0,1,0,0,86.387702660656
0.17913048917719854,-1.184692703967323,1,0,0,0,1,0,0,0,0,1,98.96194914360774
-0.2647007372445776,0.46908065698181445,0,1,0,1,0,0,0,1,0,0,86.5357506004767
-0.04278512403368954,-0.2081327979791561,0,1,0,0,1,0,0,1,0,0,87.98117324940527
1.066792942020751,3.829170340418656e-15,0,1,0,0,0,1,0,0,0,1,89.55999600328951
1.2887085552316389,0.4240313317217426,0,1,0,0,0,1,0,0,1,0,92.43645737419602
1.5768052691874464e-15,3.829170340418656e-15,0,1,1,0,0,0,0,0,0,1,91.01996646970403
-1.3742788032990179,0.5419174165144509,0,1,0,1,0,0,0,0,0,1,84.61742059924411
1.5768052691874464e-15,2.0639109755345957,0,1,0,0,0,1,0,0,0,1,86.22903534044711
-0.4866163504554657,-0.21613221087580264,0,1,0,0,1,0,0,0,0,1,87.59684957043997
-0.4866163504554657,0.39034959320954027,0,1,0,0,1,0,0,0,0,1,87.32318095744542
1.954455394864303,0.13015816320277804,0,1,0,0,0,1,0,0,0,1,91.49796993685254
1.510624168442527,0.1322632718597907,0,1,0,0,0,0,1,1,0,0,94.80255708382762
-0.04278512403368954,3.829170340418656e-15,0,1,0,0,0,1,0,0,0,1,87.06411293776704
-0.2647007372445776,0.14278881514485395,1,0,0,1,0,0,0,1,0,0,96.1135032783621
0.8448773288098628,3.829170340418656e-15,1,0,0,1,0,0,0,0,1,0,101.85286269921437
0.17913048917719854,3.829170340418656e-15,0,1,0,0,0,1,0,0,0,1,87.56328955087153
0.8448773288098628,0.47939568940117566,0,1,0,0,0,0,1,0,0,1,93.75880724294775
0.8448773288098628,0.03248112151739001,0,1,0,0,0,1,0,1,0,0,88.4357427262812
0.4010461023880866,0.44445088569476493,0,1,0,0,0,1,0,0,0,1,87.86191231946997
-0.7085319636663537,3.829170340418656e-15,0,1,0,0,1,0,0,0,0,1,87.00014554270342
-0.7085319636663537,-0.39590849018468394,0,1,0,1,0,0,0,0,0,1,86.53813463532633
1.732539781653415,0.16152428219226575,0,1,0,0,0,1,0,0,0,1,90.98463968843525
-0.4866163504554657,0.4137162993023814,0,1,0,0,0,1,0,0,0,1,85.87907452984172
0.8448773288098628,0.519603264750118,0,1,0,0,0,1,0,0,0,1,88.82635381543284
1.5768052691874464e-15,2.0335974108736146,0,1,0,0,0,1,0,0,1,0,88.81133851228338
1.5768052691874464e-15,-4.201313409466448,1,0,0,0,0,1,0,0,0,1,98.48666962534473
1.5768052691874464e-15,-0.6093665080057658,1,0,0,0,0,1,0,0,0,1,96.86584090492613
0.17913048917719854,0.062373664446969235,0,1,0,1,0,0,0,0,1,0,90.89667051756034
1.5768052691874464e-15,0.23751870471042313,1,0,0,1,0,0,0,0,0,1,97.27659469548534
0.6229617155989746,0.4154003862279919,0,1,0,0,0,1,0,1,0,0,87.76377777335126
1.5768052691874464e-15,0.16931318422321215,1,0,0,0,1,0,0,0,0,1,97.94803222822257
-0.9304475768772418,0.3954018539863718,1,0,0,1,0,0,0,0,0,1,95.1124043251027
-1.3742788032990179,3.829170340418656e-15,0,1,0,0,0,1,0,0,0,1,84.06905325914008
1.5768052691874464e-15,0.20804718351224605,0,1,0,1,0,0,0,0,0,1,87.85937653893309
1.732539781653415,0.214362509483284,0,1,0,0,1,0,0,1,0,0,91.783939536303
-1.596194416509906,-0.14876873385139788,0,1,0,1,0,0,0,0,1,0,86.99853342627299
-2.040025642931682,0.5029729063597169,1,0,0,0,0,1,0,0,1,0,94.34370348653987
-0.9304475768772418,0.5532850032623204,0,1,0,0,0,1,0,0,1,0,87.3863668667614
0.8448773288098628,3.829170340418656e-15,1,0,0,0,0,1,0,0,1,0,101.05996075520945
-1.596194416509906,3.829170340418656e-15,0,1,0,1,0,0,0,0,0,1,84.36277859004049
1.5768052691874464e-15,0.7562174777983389,1,0,0,0,1,0,0,0,0,1,97.68319776344339
0.4010461023880866,3.829170340418656e-15,1,0,0,0,1,0,0,0,0,1,98.92654548252172
-2.26194125614257,0.12363232636603808,1,0,0,0,0,1,0,0,0,1,91.44707587823477
-0.7085319636663537,3.829170340418656e-15,0,1,0,0,0,1,0,0,0,1,85.56658309845355
-1.596194416509906,-0.9318691542601041,0,1,1,0,0,0,0,0,0,1,87.8499856648959
-0.7085319636663537,-0.5636856501485916,0,1,0,0,0,1,0,0,0,1,85.82094039161876
0.8448773288098628,0.6402259907969412,1,0,0,0,0,1,0,0,0,1,98.20244093782104
1.066792942020751,0.06111059925276279,1,0,0,0,0,1,0,0,0,1,98.96293735458677
0.4010461023880866,0.12447436982884237,0,1,0,1,0,0,0,0,1,0,91.36782483256229
1.5768052691874464e-15,0.3107764859744618,0,1,0,1,0,0,0,0,0,1,87.81302100851264
-0.7085319636663537,3.829170340418656e-15,0,1,0,0,0,1,0,0,0,1,85.56658309845355
1.066792942020751,3.829170340418656e-15,0,1,0,0,0,1,0,0,0,1,89.55999600328951
0.4010461023880866,0.13205276099408866,0,1,0,0,1,0,0,1,0,0,88.826021276517
0.8448773288098628,3.829170340418656e-15,0,1,0,0,1,0,0,0,0,1,90.49438183443488
-0.4866163504554657,3.829170340418656e-15,0,1,0,1,0,0,0,0,0,1,86.85866165556297
0.8448773288098628,0.08110913149438295,0,1,0,1,0,0,0,0,0,1,89.81712168129394
1.510624168442527,-0.14603209259728298,1,0,0,0,0,1,0,1,0,0,99.44434167308016
1.5768052691874464e-15,3.829170340418656e-15,0,1,0,0,0,1,0,0,1,0,89.72897821569117
0.17913048917719854,-0.39001418594504816,0,1,0,0,0,1,0,0,1,0,90.30790389091928
0.6229617155989746,3.829170340418656e-15,0,1,0,1,0,0,0,0,0,1,89.35454472108545
0.17913048917719854,0.8341064981078069,1,0,0,0,1,0,0,0,0,1,98.05098697817292
0.4010461023880866,0.42087366873622367,0,1,0,0,0,1,0,1,0,0,87.2621313983801
0.4010461023880866,3.829170340418656e-15,0,1,0,0,1,0,0,0,0,1,89.4960286082259
1.510624168442527,0.3170918119454997,0,1,0,0,1,0,0,0,0,1,91.84882728806275
1.510624168442527,1.3256493695202605,1,0,0,0,0,1,0,0,0,1,99.39068059875541
0.8448773288098628,0.28930437767293316,0,1,0,0,0,1,0,1,0,0,88.31985390023006
-0.04278512403368954,0.5977027959252862,0,1,0,0,0,1,0,0,0,1,86.7944057609944
1.5768052691874464e-15,0.4151898753622899,0,1,0,0,0,1,0,1,0,0,86.36258371207434
1.732539781653415,3.829170340418656e-15,1,0,0,0,0,1,0,0,0,1,100.48804271689882
-1.8181100297207942,0.18510149915080704,0,1,0,0,0,1,0,0,0,1,82.98717490456848
1.2887085552316389,-0.06519592016799612,0,1,0,0,1,0,0,0,0,1,91.52215404226062
0.17913048917719854,-0.7670391464160142,1,0,0,0,0,1,0,0,0,1,97.33992487076323
0.6229617155989746,3.829170340418656e-15,0,1,0,0,0,1,0,0,0,1,88.56164277708052
1.2887085552316389,3.829170340418656e-15,0,1,0,1,0,0,0,0,0,1,90.85207456039892
2.398286621286079,0.8890498340558378,0,1,0,0,1,0,0,1,0,0,92.97702373012964
-1.15236319008813,0.11121218528966421,0,1,0,0,0,1,0,0,0,1,84.51804652908191
-1.15236319008813,-1.3928879501458742,1,0,0,0,0,1,0,0,0,1,94.62727296250515
0.8448773288098628,0.058794979730048116,0,1,0,0,1,0,0,0,1,0,93.0364757014162
1.5768052691874464e-15,-0.00793696469725246,0,1,0,0,0,1,0,0,0,1,87.16393519782036
0.4010461023880866,-0.8192458411099274,0,1,0,0,1,0,0,0,0,1,89.8657047823961
1.5768052691874464e-15,-0.44769416314719396,1,0,0,0,0,1,0,0,0,1,96.79288793901853
0.4010461023880866,0.14552545639896886,0,1,0,1,0,0,0,0,1,0,91.35832574845975
1.5768052691874464e-15,0.5534955141280206,1,0,0,0,0,1,0,0,0,1,96.3411114991011
-0.7085319636663537,-0.10435094118843215,0,1,0,0,0,1,0,1,0,0,85.00325048121633
-1.596194416509906,0.519182243018714,0,1,0,0,0,1,0,0,0,1,83.33560105296546
-1.15236319008813,3.829170340418656e-15,0,1,0,0,0,1,0,0,0,1,84.56822987224456
0.17913048917719854,0.20425798792962288,1,0,0,1,0,0,0,0,0,1,97.69453907427635
0.6229617155989746,0.1339473587853993,0,1,0,0,1,0,0,0,0,1,89.93476286733699
1.510624168442527,3.829170340418656e-15,0,1,0,0,1,0,0,0,0,1,91.99191167374836
-0.9304475768772418,3.829170340418656e-15,0,1,0,0,0,1,0,0,0,1,85.06740648534905
0.4010461023880866,0.4842374393123051,1,0,0,0,1,0,0,1,0,0,98.09761847377712
-0.04278512403368954,0.402348712554512,1,0,0,0,0,1,0,1,0,0,95.70265424047719
-0.04278512403368954,0.6835912291314026,0,1,0,1,0,0,0,0,0,1,87.5485514418609
-0.7085319636663537,-1.083857999296417,1,0,0,1,0,0,0,0,0,1,96.27908157809358
1.732539781653415,0.27414759534244243,1,0,0,0,1,0,0,1,0,0,101.18747901174757
0.17913048917719854,0.3532996808461188,0,1,0,0,0,1,0,0,0,1,87.40386674052952
1.5768052691874464e-15,0.20636309658663554,0,1,0,0,0,1,0,0,0,1,87.06723452165637
1.5768052691874464e-15,-0.1776087224524727,0,1,0,1,0,0,0,1,0,0,87.42297986440715
0.8448773288098628,0.48823714576062843,0,1,0,0,1,0,0,0,0,1,90.27406989499552
0.8448773288098628,-0.01172616027987561,0,1,0,0,0,0,1,0,1,0,96.54904536578893
0.4010461023880866,0.23415053085920212,0,1,0,0,0,1,0,0,0,1,87.95680816965447
1.5768052691874464e-15,3.829170340418656e-15,0,1,0,0,0,1,0,0,0,1,87.16035372496256
0.4010461023880866,0.4661335048619956,0,1,0,0,0,1,0,0,0,1,87.85212826284435
-0.04278512403368954,0.39287572359795503,0,1,0,0,0,1,0,0,0,1,86.88683184931223
-0.4866163504554657,1.2511285230620133,1,0,0,1,0,0,0,0,0,1,95.72461978254292
-1.596194416509906,0.3450897570837683,0,1,0,1,0,0,0,0,0,1,84.20706042249849
-2.26194125614257,-1.055018010695344,0,1,1,0,0,0,0,1,0,0,85.79760557229763
0.8448773288098628,0.6486464254249918,0,1,0,0,0,1,0,0,1,0,91.33674892061279
-1.596194416509906,0.28930437767293316,0,1,0,0,0,1,0,0,0,1,83.43933105136533
-1.15236319008813,-1.7635975846458014,0,1,0,0,1,0,0,0,0,1,86.79759740350515
-0.04278512403368954,3.829170340418656e-15,0,1,0,0,0,1,0,0,1,0,89.63273742849564
0.6229617155989746,-1.9877916566176483,0,1,0,0,1,0,0,0,1,0,93.4608000447619
1.5768052691874464e-15,0.30719780125754065,0,1,0,0,0,1,0,0,0,1,87.02173390880515
-0.2647007372445776,-0.23928840610294178,0,1,0,0,0,1,0,0,0,1,86.6729127318074
-0.04278512403368954,0.3356167681272114,0,1,0,0,1,0,0,0,0,1,88.34623180232104
-0.4866163504554657,0.6781179466231689,0,1,0,0,0,1,0,0,1,0,88.32839052424225
-1.15236319008813,-0.16539909224179894,1,0,0,0,1,0,0,0,0,1,95.50694381273516
-0.2647007372445776,0.1714182928802248,0,1,0,0,0,1,0,0,1,0,89.0562100916952
-1.3742788032990179,3.829170340418656e-15,0,1,0,1,0,0,0,0,0,1,84.86195520314499
1.732539781653415,3.829170340418656e-15,1,0,1,0,0,0,0,0,1,0,106.9162799523689
1.2887085552316389,0.09984459854179475,0,1,0,0,0,1,0,0,0,1,90.01411877864673
0.8448773288098628,-0.866821296758413,0,1,0,0,0,1,0,0,0,1,89.45196349442698
-0.04278512403368954,-1.1632205956657944,0,1,0,0,1,0,0,0,0,1,89.02256659042281
-0.04278512403368954,0.3625621589369737,1,0,0,0,0,1,0,1,0,0,95.72060750943102
-0.04278512403368954,-2.6212188515127544,0,1,0,0,1,0,0,0,0,1,89.68047315536563
-0.4866163504554657,2.4628290660384926,0,1,1,0,0,0,0,0,1,0,91.38267091876929
-1.15236319008813,-1.2221636380621486,0,1,0,0,1,0,0,0,0,1,86.5532809603875
-0.04278512403368954,0.8532629868866228,0,1,0,0,0,1,0,0,0,1,86.6790868799894
1.5768052691874464e-15,0.44655599435177756,0,1,0,1,0,0,0,0,0,1,87.75175191605118
-0.2647007372445776,0.5781252854150681,1,0,0,0,1,0,0,0,1,0,99.73676710537957
-2.040025642931682,0.4107691471825626,0,1,0,0,0,1,0,0,1,0,84.95479260061322
-1.15236319008813,-0.512531509783184,1,0,0,1,0,0,0,1,0,0,94.4125033140566
1.5768052691874464e-15,3.829170340418656e-15,0,1,0,0,1,0,0,0,0,1,88.59391616921243
-0.9304475768772418,0.36824595231090745,0,1,0,0,0,1,0,1,0,0,84.29081943000952
-1.15236319008813,0.4947629825973684,1,0,0,1,0,0,0,0,0,1,94.56839203503415
-0.7085319636663537,-2.0534710467164428,0,1,0,0,1,0,0,0,0,1,87.92675301780629
0.6229617155989746,3.829170340418656e-15,0,1,0,0,0,1,0,0,0,1,88.56164277708052
-1.596194416509906,-4.820004843762466,0,1,0,0,0,1,0,1,0,0,85.13443385861123
-1.15236319008813,0.9454667460637752,1,0,0,0,0,1,0,1,0,0,92.96169480510886
-1.8181100297207942,-1.7682288236912287,0,1,0,0,1,0,0,0,0,1,85.30215736269423
-0.2647007372445776,-0.15761019021085254,0,1,0,0,0,1,0,0,0,1,86.6360562854895
-0.04278512403368954,3.829170340418656e-15,0,1,0,0,0,1,0,0,1,0,89.63273742849564
-1.3742788032990179,0.22699316142535989,0,1,0,0,1,0,0,0,0,1,85.40018739766326
-0.04278512403368954,0.12678998935155705,1,0,1,0,0,0,0,1,0,0,99.68660999612108
-0.2647007372445776,0.23204542220218946,0,1,0,1,0,0,0,0,0,1,87.25313018275617
1.2887085552316389,0.16131377132656372,0,1,0,1,0,0,0,0,1,0,93.34790788780082
1.5768052691874464e-15,3.829170340418656e-15,1,0,0,0,0,1,0,0,0,1,96.5908705992584
1.5768052691874464e-15,0.5560216445164353,0,1,0,0,0,1,0,0,0,1,86.90945473471298
0.4010461023880866,0.08468781621130407,0,1,0,0,0,1,0,0,0,1,88.0242516667826
