"lemma","poscode","surface"
"cómo funciona","0","cómo funciona","como se utiliza","como funcionan","Como funcionan"
"necesito saber","0","necesito saber","Necesito saber"
"saber más sobre","0","saber más sobre","saber más sobre","Saber mas sobre","saber mas sobre"
"Podrías decirme","3","Podrías decirme","Podría decirme"
"información","3","información","Información","información sobre","información al respecto"
"es posible consultar","2","es posible consultar","Es posible consultar"
"adquirir","2","adquirir","adquirir un","adquirir una","adquirir el"
"Que puedo hacer","3","Que puedo hacer","que puedo hacer","que podría hacer","Que podría hacer","que podria hacer","que podría hacer"
"Es posible consultar","0","Es posible consultar","es posible consultar"
"Me robaron","0","Me robaron","me robaron"
"Cuáles son los beneficios","0","Cuáles son los beneficios","Cuáles son las ventajas"
"mi consulta es","3","Puedo consultar","puedo consultar","tengo una consulta","mi consulta es"
"Cuánto tengo disponible","0","Cuánto tengo disponible","cuánto tengo disponible"
"Como puedo","0","Como puedo","como puedo"
"Mi consulta es","0","Mi consulta es","mi consulta es"
"Nececito asesoría","0","Nececito asesoría","necesito asesoria"
"Deseo conocer","0","Deseo conocer","deseo conocer"
"Quisiera saber","4","Quisiera saber","quisiera saber","quisiese saber","Quiero saber","quiero saber"
"explicame","4","explicame","explícame","explícame más sobre","explícame por qué","explícame como"
"Cuáles son los costos","0","Cuáles son los costos","Cuáles son las tasas"
"para qué es","0","para qué es"
"quiero entender","0","quiero entender"
