"lemma","poscode","surface"
"tarjeta de credito","3","tarjeta de credito","tarjeta de crédito","Tarjeta de credito","Tarjeta de crédito","Mi tarjeta","mi tarjeta"
"credimas","3","credimas","credimás","Credimas","Credimás"
"Cuenta de ahorros","3","Cuenta de ahorros","cuenta de ahorros"
"Cuenta corriente","3","Cuenta corriente","cuenta corriente"
"Transferencia","3","Transferencia","transferencia"
"crédito","3","crédito","credito","Crédito","Credito"
"crédito vehicular","3","crédito vehicular","credito vehicular","credito vehiculo","crédito vehiculo"
"Mis ahorros","3","Mis ahorros","mis ahorros","ahorros","ahorros de BCP","Ahorros de BCP"
"Mi cuenta","4","Mi cuenta","mi cuenta"
