"lemma","poscode","surface"
"solicito cancelar","2","solicito cancelar","Solicito cancelar"
"quiero cancelar","2","quiero cancelar","Quiero cancelar"
"necesito cancelar","2","necesito cancelar","Necesito cancelar"
"pienso cancelar","2","pienso cancelar","Pienso cancelar"
"Voy a cancelar","2","Voy a cancelar","voy a cancelar"
"cancelarla","3","cancelarla","Cancelarla","cancelo","cancela","Cancelar"
"cancelación","3","cancelación","Cancelación"
"canceles","3","canceles","cancélala","cancelala"
