[ {
  "id" : "71249ca1-e4c0-11ea-8f91-f1ebd5c9b737",
  "name" : "producto",
  "createdDate" : 1598132577130,
  "workspace" : "3288e420-e4bf-11ea-b0c9-9f47e19d8880",
  "properties" : {
    "language" : "ES"
  },
  "posCodes" : [ {
    "id" : "1",
    "name" : "Pronoun",
    "createdDate" : 0
  }, {
    "id" : "2",
    "name" : "Verb",
    "createdDate" : 0
  }, {
    "id" : "3",
    "name" : "Noun",
    "createdDate" : 0
  }, {
    "id" : "4",
    "name" : "Adjective",
    "createdDate" : 0
  }, {
    "id" : "5",
    "name" : "Adverb",
    "createdDate" : 0
  }, {
    "id" : "6",
    "name" : "Adposition",
    "createdDate" : 0
  }, {
    "id" : "7",
    "name" : "Interjection",
    "createdDate" : 0
  }, {
    "id" : "8",
    "name" : "Conjunction",
    "createdDate" : 0
  }, {
    "id" : "9",
    "name" : "Determiner",
    "createdDate" : 0
  }, {
    "id" : "10",
    "name" : "Quantifier",
    "createdDate" : 0
  }, {
    "id" : "0",
    "name" : "Unknown",
    "createdDate" : 0
  } ],
  "numItems" : 9
}, {
  "id" : "0e8a8451-e598-11ea-b0c9-9f47e19d8880",
  "name" : "informacion",
  "createdDate" : 1598225182997,
  "workspace" : "3288e420-e4bf-11ea-b0c9-9f47e19d8880",
  "properties" : {
    "language" : "ES"
  },
  "posCodes" : [ {
    "id" : "1",
    "name" : "Pronoun",
    "createdDate" : 0
  }, {
    "id" : "2",
    "name" : "Verb",
    "createdDate" : 0
  }, {
    "id" : "3",
    "name" : "Noun",
    "createdDate" : 0
  }, {
    "id" : "4",
    "name" : "Adjective",
    "createdDate" : 0
  }, {
    "id" : "5",
    "name" : "Adverb",
    "createdDate" : 0
  }, {
    "id" : "6",
    "name" : "Adposition",
    "createdDate" : 0
  }, {
    "id" : "7",
    "name" : "Interjection",
    "createdDate" : 0
  }, {
    "id" : "8",
    "name" : "Conjunction",
    "createdDate" : 0
  }, {
    "id" : "9",
    "name" : "Determiner",
    "createdDate" : 0
  }, {
    "id" : "10",
    "name" : "Quantifier",
    "createdDate" : 0
  }, {
    "id" : "0",
    "name" : "Unknown",
    "createdDate" : 0
  } ],
  "numItems" : 22
}, {
  "id" : "d44542c1-e598-11ea-b0c9-9f47e19d8880",
  "name" : "cancelamiento",
  "createdDate" : 1598225514732,
  "workspace" : "3288e420-e4bf-11ea-b0c9-9f47e19d8880",
  "properties" : {
    "language" : "ES"
  },
  "posCodes" : [ {
    "id" : "1",
    "name" : "Pronoun",
    "createdDate" : 0
  }, {
    "id" : "2",
    "name" : "Verb",
    "createdDate" : 0
  }, {
    "id" : "3",
    "name" : "Noun",
    "createdDate" : 0
  }, {
    "id" : "4",
    "name" : "Adjective",
    "createdDate" : 0
  }, {
    "id" : "5",
    "name" : "Adverb",
    "createdDate" : 0
  }, {
    "id" : "6",
    "name" : "Adposition",
    "createdDate" : 0
  }, {
    "id" : "7",
    "name" : "Interjection",
    "createdDate" : 0
  }, {
    "id" : "8",
    "name" : "Conjunction",
    "createdDate" : 0
  }, {
    "id" : "9",
    "name" : "Determiner",
    "createdDate" : 0
  }, {
    "id" : "10",
    "name" : "Quantifier",
    "createdDate" : 0
  }, {
    "id" : "0",
    "name" : "Unknown",
    "createdDate" : 0
  } ],
  "numItems" : 8
}, {
  "id" : "0db38fd1-e599-11ea-b0c9-9f47e19d8880",
  "name" : "saldo",
  "createdDate" : 1598225611085,
  "workspace" : "3288e420-e4bf-11ea-b0c9-9f47e19d8880",
  "properties" : {
    "language" : "ES"
  },
  "posCodes" : [ {
    "id" : "1",
    "name" : "Pronoun",
    "createdDate" : 0
  }, {
    "id" : "2",
    "name" : "Verb",
    "createdDate" : 0
  }, {
    "id" : "3",
    "name" : "Noun",
    "createdDate" : 0
  }, {
    "id" : "4",
    "name" : "Adjective",
    "createdDate" : 0
  }, {
    "id" : "5",
    "name" : "Adverb",
    "createdDate" : 0
  }, {
    "id" : "6",
    "name" : "Adposition",
    "createdDate" : 0
  }, {
    "id" : "7",
    "name" : "Interjection",
    "createdDate" : 0
  }, {
    "id" : "8",
    "name" : "Conjunction",
    "createdDate" : 0
  }, {
    "id" : "9",
    "name" : "Determiner",
    "createdDate" : 0
  }, {
    "id" : "10",
    "name" : "Quantifier",
    "createdDate" : 0
  }, {
    "id" : "0",
    "name" : "Unknown",
    "createdDate" : 0
  } ],
  "numItems" : 6
} ]